STAR Reading Assessment Detail,Created:2015-09-30,End Date:2015-09-30,,,,,,,,,,,,,,,
StudentId,StudentGUID,BirthDate,ExportGrade,Gender,Ethnicity,Characteristics,StateStudentID,DateTaken,AssessmentGrade,GP,SS,GE,PR,NCE,IRL,LowerZPD,UpperZPD
11866,f4e28249-6535-40e5-a032-57503e152294,9/29/2005,5,M,Not Provided,##,,8/21/2015 10:29,5,5,636,5.8,64,57.5,5.3,3.9,5.9
2008023,c45a44f4-d2ab-497a-8115-5a6d070be960,8/22/2003,6,M,Not Provided,##,,10/30/2014 14:08,5,5.19,568,5.2,50,50,4.7,3.5,5.5
2008023,c45a44f4-d2ab-497a-8115-5a6d070be960,8/22/2003,6,M,Not Provided,##,,12/19/2014 11:55,5,5.36,652,5.9,62,56.4,5.4,3.9,6
2008023,c45a44f4-d2ab-497a-8115-5a6d070be960,8/22/2003,6,M,Not Provided,##,,2/27/2015 14:07,5,5.58,463,4.1,23,34.4,3.8,3,4.6
2008023,c45a44f4-d2ab-497a-8115-5a6d070be960,8/22/2003,6,M,Not Provided,##,,4/30/2015 12:33,5,5.79,557,5.1,38,43.6,4.6,3.5,5.5
2008023,c45a44f4-d2ab-497a-8115-5a6d070be960,8/22/2003,6,M,Not Provided,##,,8/27/2015 10:10,6,6,453,4,14,27.2,3.8,3,4.5
2009003,bb6ef0b5-cbbe-4a6d-ba4b-ccce1a064115,6/16/2004,5,M,Not Provided,##,,8/15/2014 12:47,5,5,453,4,27,37.1,3.8,3,4.5
2009003,bb6ef0b5-cbbe-4a6d-ba4b-ccce1a064115,6/16/2004,5,M,Not Provided,##,,8/21/2015 10:11,5,5,473,4.2,31,39.6,3.9,3.1,4.7
2009003,bb6ef0b5-cbbe-4a6d-ba4b-ccce1a064115,6/16/2004,5,M,Not Provided,##,,10/30/2014 14:09,5,5.19,423,3.7,20,32.3,3.5,2.9,4.2
2009003,bb6ef0b5-cbbe-4a6d-ba4b-ccce1a064115,6/16/2004,5,M,Not Provided,##,,12/19/2014 11:55,5,5.36,478,4.3,29,38.3,4,3.1,4.8
2009003,bb6ef0b5-cbbe-4a6d-ba4b-ccce1a064115,6/16/2004,5,M,Not Provided,##,,2/27/2015 14:08,5,5.58,377,3.2,11,24.2,3.2,2.7,3.8
2009003,bb6ef0b5-cbbe-4a6d-ba4b-ccce1a064115,6/16/2004,5,M,Not Provided,##,,4/30/2015 12:34,5,5.79,508,4.6,29,38.3,4.2,3.2,5.1
2009011,fade90e4-7d46-4e29-ad23-2213593b6b32,5/21/2004,6,F,White,##,,8/15/2014 12:05,5,5,633,5.7,64,57.5,5.2,3.8,5.9
2009011,fade90e4-7d46-4e29-ad23-2213593b6b32,5/21/2004,6,F,White,##,,10/24/2014 17:17,5,5.17,557,5.1,47,48.4,4.6,3.5,5.5
2009011,fade90e4-7d46-4e29-ad23-2213593b6b32,5/21/2004,6,F,White,##,,10/30/2014 12:53,5,5.19,629,5.7,61,55.9,5.2,3.8,5.9
2009011,fade90e4-7d46-4e29-ad23-2213593b6b32,5/21/2004,6,F,White,##,,12/19/2014 11:20,5,5.36,592,5.4,51,50.5,4.9,3.6,5.6
2009011,fade90e4-7d46-4e29-ad23-2213593b6b32,5/21/2004,6,F,White,##,,2/27/2015 12:52,5,5.58,761,6.7,71,61.7,6.2,4.2,6.7
2009011,fade90e4-7d46-4e29-ad23-2213593b6b32,5/21/2004,6,F,White,##,,4/30/2015 9:32,5,5.79,744,6.6,67,59.3,6.1,4.2,6.6
2009011,fade90e4-7d46-4e29-ad23-2213593b6b32,5/21/2004,6,F,White,##,,8/27/2015 12:09,6,6,869,7.6,71,61.7,6.6,4.4,7.6
2009013,8ed2c0d3-5052-4804-9681-4f0842ccbaa7,2/2/2004,6,F,Not Provided,##,,8/15/2014 13:35,5,5,942,8.3,93,81.1,7.9,4.5,8.3
2009013,8ed2c0d3-5052-4804-9681-4f0842ccbaa7,2/2/2004,6,F,Not Provided,##,,10/30/2014 15:50,5,5.19,1114,10.2,97,89.6,10.1,4.7,10.2
2009013,8ed2c0d3-5052-4804-9681-4f0842ccbaa7,2/2/2004,6,F,Not Provided,##,,12/19/2014 12:31,5,5.36,1243,12.8,98,93.3,11.2,5,12.8
2009013,8ed2c0d3-5052-4804-9681-4f0842ccbaa7,2/2/2004,6,F,Not Provided,##,,2/27/2015 15:52,5,5.58,1107,10.1,94,82.7,10,4.7,10.1
2009013,8ed2c0d3-5052-4804-9681-4f0842ccbaa7,2/2/2004,6,F,Not Provided,##,,4/30/2015 13:18,5,5.79,1227,12.5,97,89.6,11.2,5,12.5
2009015,dfa35d2c-2d33-4517-84f6-93f6cf8c38a6,7/3/2004,6,F,Not Provided,##,,8/15/2014 12:48,5,5,1215,12.2,98,93.3,11.1,4.9,12.2
2009015,dfa35d2c-2d33-4517-84f6-93f6cf8c38a6,7/3/2004,6,F,Not Provided,##,,10/30/2014 14:09,5,5.19,1315,13,99,99,11.7,5,13
2009015,dfa35d2c-2d33-4517-84f6-93f6cf8c38a6,7/3/2004,6,F,Not Provided,##,,12/19/2014 12:04,5,5.36,1216,12.2,98,93.3,11.1,4.9,12.2
2009015,dfa35d2c-2d33-4517-84f6-93f6cf8c38a6,7/3/2004,6,F,Not Provided,##,,2/27/2015 14:06,5,5.58,1312,13,99,99,11.6,5,13
2009035,3406c921-dfdd-4021-bfb1-c6d180aed646,7/23/2004,6,F,Black,##,,8/15/2014 13:35,5,5,455,4,27,37.1,3.8,3,4.5
2009035,3406c921-dfdd-4021-bfb1-c6d180aed646,7/23/2004,6,F,Black,##,,10/24/2014 16:27,5,5.17,677,6.1,69,60.4,5.7,4,6.2
2009035,3406c921-dfdd-4021-bfb1-c6d180aed646,7/23/2004,6,F,Black,##,,12/19/2014 12:35,5,5.36,491,4.4,31,39.6,4.1,3.2,4.9
2009035,3406c921-dfdd-4021-bfb1-c6d180aed646,7/23/2004,6,F,Black,##,,2/27/2015 15:53,5,5.58,482,4.3,27,37.1,4,3.1,4.8
2009035,3406c921-dfdd-4021-bfb1-c6d180aed646,7/23/2004,6,F,Black,##,,4/30/2015 13:19,5,5.79,581,5.3,42,45.8,4.8,3.6,5.6
2009035,3406c921-dfdd-4021-bfb1-c6d180aed646,7/23/2004,6,F,Black,##,,8/27/2015 12:48,6,6,738,6.6,58,54.2,6.1,4.2,6.6
2009037,3d408405-e4ee-41a0-a0e6-2d55800308f2,11/29/2004,6,M,White,##,,8/15/2014 12:05,5,5,573,5.2,53,51.6,4.7,3.5,5.5
2009037,3d408405-e4ee-41a0-a0e6-2d55800308f2,11/29/2004,6,M,White,##,,10/30/2014 12:53,5,5.19,614,5.6,58,54.2,5,3.8,5.8
2009037,3d408405-e4ee-41a0-a0e6-2d55800308f2,11/29/2004,6,M,White,##,,12/19/2014 11:21,5,5.36,741,6.6,73,62.9,6.1,4.2,6.6
2009037,3d408405-e4ee-41a0-a0e6-2d55800308f2,11/29/2004,6,M,White,##,,2/27/2015 12:51,5,5.58,688,6.2,64,57.5,5.8,4.1,6.3
2009037,3d408405-e4ee-41a0-a0e6-2d55800308f2,11/29/2004,6,M,White,##,,4/24/2015 13:29,5,5.77,902,7.9,81,68.5,6.8,4.5,7.9
2009037,3d408405-e4ee-41a0-a0e6-2d55800308f2,11/29/2004,6,M,White,##,,8/27/2015 11:29,6,6,646,5.9,45,47.4,5.4,3.9,6
2009039,1599ea2f-785b-4984-93df-35311e71c527,2/2/2004,6,F,White,##,,8/15/2014 12:47,5,5,525,4.8,42,45.8,4.4,3.3,5.2
2009039,1599ea2f-785b-4984-93df-35311e71c527,2/2/2004,6,F,White,##,,10/30/2014 14:08,5,5.19,520,4.7,40,44.7,4.3,3.3,5.2
2009039,1599ea2f-785b-4984-93df-35311e71c527,2/2/2004,6,F,White,##,,12/19/2014 11:55,5,5.36,529,4.8,39,44.1,4.4,3.3,5.2
2009039,1599ea2f-785b-4984-93df-35311e71c527,2/2/2004,6,F,White,##,,4/30/2015 12:34,5,5.79,547,5,36,42.5,4.5,3.4,5.4
2009039,1599ea2f-785b-4984-93df-35311e71c527,2/2/2004,6,F,White,##,,8/27/2015 11:28,6,6,525,4.8,25,35.8,4.4,3.3,5.2
2009043,f3f4ae9b-2c67-4d83-9a4b-a335d32f1430,4/11/2004,5,M,Not Provided,##,,8/24/2015 10:16,5,5,558,5.1,49,49.5,4.6,3.5,5.5
2009044,0973df33-0bc1-4ea7-a816-052146fc64e8,10/7/2004,6,M,White,##,,8/15/2014 13:35,5,5,664,6,69,60.4,5.6,4,6.1
2009044,0973df33-0bc1-4ea7-a816-052146fc64e8,10/7/2004,6,M,White,##,,10/30/2014 15:52,5,5.19,590,5.4,54,52.1,4.8,3.6,5.6
2009044,0973df33-0bc1-4ea7-a816-052146fc64e8,10/7/2004,6,M,White,##,,2/27/2015 15:49,5,5.58,879,7.7,81,68.5,6.7,4.4,7.7
2009044,0973df33-0bc1-4ea7-a816-052146fc64e8,10/7/2004,6,M,White,##,,4/30/2015 13:18,5,5.79,818,7.2,74,63.5,6.4,4.3,7.2
2009044,0973df33-0bc1-4ea7-a816-052146fc64e8,10/7/2004,6,M,White,##,,8/27/2015 10:11,6,6,880,7.7,73,62.9,6.7,4.4,7.7
2009047,2c0fc578-8b0f-48cb-9132-d35561e14023,4/17/2004,6,M,White,##,,8/15/2014 12:05,5,5,896,7.9,89,75.8,6.8,4.5,7.9
2009047,2c0fc578-8b0f-48cb-9132-d35561e14023,4/17/2004,6,M,White,##,,10/30/2014 12:54,5,5.19,677,6.1,69,60.4,5.7,4,6.2
2009047,2c0fc578-8b0f-48cb-9132-d35561e14023,4/17/2004,6,M,White,##,,12/19/2014 11:20,5,5.36,687,6.2,67,59.3,5.8,4.1,6.3
2009047,2c0fc578-8b0f-48cb-9132-d35561e14023,4/17/2004,6,M,White,##,,2/27/2015 12:56,5,5.58,799,7,75,64.2,6.3,4.3,7
2009047,2c0fc578-8b0f-48cb-9132-d35561e14023,4/17/2004,6,M,White,##,,4/24/2015 13:26,5,5.77,1160,10.9,94,82.7,10.6,4.8,10.9
2009047,2c0fc578-8b0f-48cb-9132-d35561e14023,4/17/2004,6,M,White,##,,4/30/2015 9:40,5,5.79,769,6.8,68,59.9,6.2,4.3,6.8
2009047,2c0fc578-8b0f-48cb-9132-d35561e14023,4/17/2004,6,M,White,##,,8/27/2015 10:12,6,6,926,8.1,79,67,7.4,4.5,8.1
2009049,0de08280-d43d-439b-8f41-dff5c65a6487,9/10/2004,6,F,Not Provided,##,,8/15/2014 12:05,5,5,676,6.1,71,61.7,5.7,4,6.2
2009049,0de08280-d43d-439b-8f41-dff5c65a6487,9/10/2004,6,F,Not Provided,##,,10/24/2014 17:32,5,5.17,851,7.5,85,71.8,6.6,4.4,7.5
2009049,0de08280-d43d-439b-8f41-dff5c65a6487,9/10/2004,6,F,Not Provided,##,,12/19/2014 11:22,5,5.36,894,7.8,86,72.8,6.8,4.5,7.8
2009049,0de08280-d43d-439b-8f41-dff5c65a6487,9/10/2004,6,F,Not Provided,##,,2/27/2015 12:57,5,5.58,744,6.6,70,61,6.1,4.2,6.6
2009049,0de08280-d43d-439b-8f41-dff5c65a6487,9/10/2004,6,F,Not Provided,##,,4/30/2015 9:33,5,5.79,924,8.1,84,70.9,7.3,4.5,8.1
2009049,0de08280-d43d-439b-8f41-dff5c65a6487,9/10/2004,6,F,Not Provided,##,,9/11/2015 10:28,6,6.03,908,8,76,64.9,6.9,4.5,8
2009056,68618b7e-120a-4b17-9978-fc2bb818b478,8/18/2004,6,M,Not Provided,##,,8/15/2014 12:47,5,5,1323,13,99,99,11.8,5,13
2009056,68618b7e-120a-4b17-9978-fc2bb818b478,8/18/2004,6,M,Not Provided,##,,10/30/2014 14:08,5,5.19,1250,12.9,99,99,11.3,5,12.9
2009056,68618b7e-120a-4b17-9978-fc2bb818b478,8/18/2004,6,M,Not Provided,##,,12/19/2014 11:54,5,5.36,1317,13,99,99,11.7,5,13
2009056,68618b7e-120a-4b17-9978-fc2bb818b478,8/18/2004,6,M,Not Provided,##,,2/27/2015 14:06,5,5.58,1308,13,99,99,11.6,5,13
2009059,4719cd54-3817-4984-a486-881aaf44f13e,3/22/2004,6,F,Not Provided,##,,8/15/2014 12:05,5,5,470,4.2,31,39.6,3.9,3.1,4.7
2009059,4719cd54-3817-4984-a486-881aaf44f13e,3/22/2004,6,F,Not Provided,##,,10/30/2014 12:54,5,5.19,540,4.9,44,46.8,4.5,3.4,5.3
2009059,4719cd54-3817-4984-a486-881aaf44f13e,3/22/2004,6,F,Not Provided,##,,12/19/2014 11:20,5,5.36,648,5.9,61,55.9,5.4,3.9,6
2009059,4719cd54-3817-4984-a486-881aaf44f13e,3/22/2004,6,F,Not Provided,##,,2/27/2015 12:56,5,5.58,501,4.5,30,39,4.2,3.2,5
2009059,4719cd54-3817-4984-a486-881aaf44f13e,3/22/2004,6,F,Not Provided,##,,4/30/2015 11:43,5,5.79,563,5.1,39,44.1,4.6,3.5,5.5
2009059,4719cd54-3817-4984-a486-881aaf44f13e,3/22/2004,6,F,Not Provided,##,,8/27/2015 11:29,6,6,527,4.8,25,35.8,4.4,3.3,5.2
2009060,f4c0279d-6833-41e8-bed3-ec6ae6c8162c,1/25/2004,6,F,Not Provided,##,,8/15/2014 8:57,5,5,709,6.3,75,64.2,6,4.1,6.3
2009060,f4c0279d-6833-41e8-bed3-ec6ae6c8162c,1/25/2004,6,F,Not Provided,##,,10/30/2014 15:49,5,5.19,978,8.6,94,82.7,8.6,4.6,8.6
2009060,f4c0279d-6833-41e8-bed3-ec6ae6c8162c,1/25/2004,6,F,Not Provided,##,,12/19/2014 12:30,5,5.36,994,8.8,93,81.1,8.8,4.6,8.8
2009060,f4c0279d-6833-41e8-bed3-ec6ae6c8162c,1/25/2004,6,F,Not Provided,##,,2/27/2015 15:52,5,5.58,1185,11.4,96,86.9,11,4.8,11.4
2009060,f4c0279d-6833-41e8-bed3-ec6ae6c8162c,1/25/2004,6,F,Not Provided,##,,4/30/2015 13:20,5,5.79,830,7.3,75,64.2,6.5,4.4,7.3
2009065,bfb23286-130c-4258-906a-a7b756b41bfd,4/2/2004,5,F,Not Provided,##,,8/15/2014 12:06,5,5,464,4.1,29,38.3,3.9,3,4.6
2009065,bfb23286-130c-4258-906a-a7b756b41bfd,4/2/2004,5,F,Not Provided,##,,8/21/2015 10:21,5,5,558,5.1,49,49.5,4.6,3.5,5.5
2009065,bfb23286-130c-4258-906a-a7b756b41bfd,4/2/2004,5,F,Not Provided,##,,10/30/2014 12:55,5,5.19,550,5,45,47.4,4.5,3.4,5.4
2009065,bfb23286-130c-4258-906a-a7b756b41bfd,4/2/2004,5,F,Not Provided,##,,12/19/2014 11:19,5,5.36,397,3.4,15,28.2,3.4,2.8,3.9
2009065,bfb23286-130c-4258-906a-a7b756b41bfd,4/2/2004,5,F,Not Provided,##,,4/30/2015 9:41,5,5.79,560,5.1,39,44.1,4.6,3.5,5.5
2009069,df682cff-9911-4737-90c5-85ad374cae6c,9/24/2004,5,F,Not Provided,##,,8/21/2015 10:11,5,5,466,4.2,30,39,3.9,3.1,4.7
2009070,9c8b26f8-226b-4c30-8937-81624abb63b9,1/4/2004,5,M,Black,##,,8/21/2015 10:21,5,5,115,1.5,1,1,-1,1.5,2.5
2009070,9c8b26f8-226b-4c30-8937-81624abb63b9,1/4/2004,5,M,Black,##,,8/24/2015 9:45,5,5,197,2,1,1,1.4,2,3
2009072,152470f8-e9a0-4e35-b182-d4f79a260779,9/24/2004,6,M,Not Provided,##,,8/15/2014 12:05,5,5,583,5.3,54,52.1,4.8,3.6,5.6
2009072,152470f8-e9a0-4e35-b182-d4f79a260779,9/24/2004,6,M,Not Provided,##,,10/30/2014 12:53,5,5.19,695,6.2,72,62.3,5.9,4.1,6.3
2009072,152470f8-e9a0-4e35-b182-d4f79a260779,9/24/2004,6,M,Not Provided,##,,12/19/2014 11:20,5,5.36,798,7,78,66.3,6.3,4.3,7
2009072,152470f8-e9a0-4e35-b182-d4f79a260779,9/24/2004,6,M,Not Provided,##,,2/27/2015 12:58,5,5.58,738,6.6,70,61,6.1,4.2,6.6
2009072,152470f8-e9a0-4e35-b182-d4f79a260779,9/24/2004,6,M,Not Provided,##,,4/30/2015 9:34,5,5.79,563,5.1,39,44.1,4.6,3.5,5.5
2009072,152470f8-e9a0-4e35-b182-d4f79a260779,9/24/2004,6,M,Not Provided,##,,8/27/2015 12:14,6,6,800,7.1,64,57.5,6.3,4.3,7.1
2009079,4d307106-4de9-4a35-8ed7-faa6427c5cdb,4/14/2004,6,M,White,##,,8/15/2014 12:05,5,5,507,4.6,38,43.6,4.2,3.2,5.1
2009079,4d307106-4de9-4a35-8ed7-faa6427c5cdb,4/14/2004,6,M,White,##,,10/30/2014 12:54,5,5.19,542,4.9,44,46.8,4.5,3.4,5.3
2009079,4d307106-4de9-4a35-8ed7-faa6427c5cdb,4/14/2004,6,M,White,##,,12/19/2014 11:22,5,5.36,590,5.4,51,50.5,4.8,3.6,5.6
2009079,4d307106-4de9-4a35-8ed7-faa6427c5cdb,4/14/2004,6,M,White,##,,2/27/2015 12:51,5,5.58,575,5.3,45,47.4,4.7,3.6,5.6
2009079,4d307106-4de9-4a35-8ed7-faa6427c5cdb,4/14/2004,6,M,White,##,,8/27/2015 11:29,6,6,671,6,50,50,5.6,4,6.1
2009081,e31ae794-e1da-4c38-80ed-37ec3944a408,11/2/2004,5,M,Black,##,,8/21/2015 10:22,5,5,471,4.2,31,39.6,3.9,3.1,4.7
2009091,419bab33-8176-40ab-b739-77001adfd6fa,10/30/2003,6,M,Not Provided,##,,8/15/2014 13:35,5,5,387,3.3,16,29.1,3.3,2.7,3.8
2009091,419bab33-8176-40ab-b739-77001adfd6fa,10/30/2003,6,M,Not Provided,##,,10/30/2014 15:50,5,5.19,554,5.1,46,47.9,4.6,3.5,5.5
2009091,419bab33-8176-40ab-b739-77001adfd6fa,10/30/2003,6,M,Not Provided,##,,12/19/2014 12:30,5,5.36,560,5.1,45,47.4,4.6,3.5,5.5
2009091,419bab33-8176-40ab-b739-77001adfd6fa,10/30/2003,6,M,Not Provided,##,,2/27/2015 15:54,5,5.58,470,4.2,25,35.8,3.9,3.1,4.7
2009091,419bab33-8176-40ab-b739-77001adfd6fa,10/30/2003,6,M,Not Provided,##,,4/30/2015 13:19,5,5.79,447,4,18,30.7,3.7,3,4.5
2009091,419bab33-8176-40ab-b739-77001adfd6fa,10/30/2003,6,M,Not Provided,##,,8/27/2015 10:08,6,6,503,4.6,21,33,4.2,3.2,5.1
2009105,b4870cfe-b54a-40be-8637-808a7a04057e,3/1/2004,6,F,Not Provided,##,,10/30/2014 15:51,5,5.19,607,5.5,57,53.7,4.9,3.7,5.7
2009105,b4870cfe-b54a-40be-8637-808a7a04057e,3/1/2004,6,F,Not Provided,##,,12/19/2014 12:31,5,5.36,703,6.3,69,60.4,5.9,4.1,6.3
2009105,b4870cfe-b54a-40be-8637-808a7a04057e,3/1/2004,6,F,Not Provided,##,,2/27/2015 15:52,5,5.58,687,6.2,63,57,5.8,4.1,6.3
2009105,b4870cfe-b54a-40be-8637-808a7a04057e,3/1/2004,6,F,Not Provided,##,,4/30/2015 13:19,5,5.79,831,7.3,75,64.2,6.5,4.4,7.3
2009121,0cbe212e-bf96-4094-95d9-b3eb16ec0b6d,3/12/2004,6,M,Not Provided,##,,8/15/2014 13:40,5,5,562,5.1,50,50,4.6,3.5,5.5
2009121,0cbe212e-bf96-4094-95d9-b3eb16ec0b6d,3/12/2004,6,M,Not Provided,##,,10/30/2014 15:50,5,5.19,471,4.2,30,39,3.9,3.1,4.7
2009121,0cbe212e-bf96-4094-95d9-b3eb16ec0b6d,3/12/2004,6,M,Not Provided,##,,12/19/2014 12:32,5,5.36,464,4.1,26,36.5,3.9,3,4.6
2009121,0cbe212e-bf96-4094-95d9-b3eb16ec0b6d,3/12/2004,6,M,Not Provided,##,,2/27/2015 15:48,5,5.58,540,4.9,38,43.6,4.5,3.4,5.3
2009121,0cbe212e-bf96-4094-95d9-b3eb16ec0b6d,3/12/2004,6,M,Not Provided,##,,4/30/2015 13:19,5,5.79,556,5.1,37,43,4.6,3.5,5.5
2009121,0cbe212e-bf96-4094-95d9-b3eb16ec0b6d,3/12/2004,6,M,Not Provided,##,,8/27/2015 12:09,6,6,541,4.9,27,37.1,4.5,3.4,5.3
20105000000,a3640ec9-3908-4974-803e-ed5f27d4b353,7/3/2005,5,F,Not Provided,##,,8/21/2015 10:14,5,5,590,5.4,56,53.2,4.8,3.6,5.6
20105000003,974d60dd-8087-47a9-9d43-5615648933e0,3/28/2005,5,M,Not Provided,##,,8/21/2015 10:11,5,5,447,4,25,35.8,3.7,3,4.5
20105000004,c504427c-7005-44d0-a405-2b38ff5c3abe,6/28/2005,5,M,Not Provided,##,,8/21/2015 10:11,5,5,609,5.5,59,54.8,5,3.7,5.7
20105000006,f223829a-319b-49c0-92ff-371bffa7fce7,10/22/2005,5,M,Not Provided,##,,8/21/2015 10:12,5,5,554,5.1,48,48.9,4.6,3.5,5.5
20105000009,85b5c5ff-9839-4af8-87a9-3498ab6d6406,10/19/2005,5,F,Not Provided,##,,8/21/2015 10:17,5,5,680,6.1,71,61.7,5.7,4,6.2
20105000010,ec44997d-19cc-4ec7-9db1-87dcf597a551,3/17/2005,5,M,Not Provided,##,,8/21/2015 10:14,5,5,418,3.6,21,33,3.5,2.8,4.1
20105000011,512cb000-675f-4c03-a9f8-2bb9cadd6d07,4/26/2005,5,F,Not Provided,##,,8/21/2015 10:11,5,5,790,7,81,68.5,6.3,4.3,7
20105000012,1cc22f9c-406d-40d6-bf84-8d54c4bf51f4,2/20/2005,5,M,Not Provided,##,,8/21/2015 10:21,5,5,560,5.1,50,50,4.6,3.5,5.5
20105000015,d47c1d44-4571-4960-9ba1-68ef8a897e8b,9/20/2005,5,F,Not Provided,##,,8/21/2015 12:21,5,5,599,5.5,57,53.7,4.9,3.7,5.7
20105000018,b3e82e64-ed8d-4403-9ee7-ca96326a1277,7/30/2005,5,M,Not Provided,##,,8/21/2015 10:10,5,5,564,5.2,50,50,4.7,3.5,5.5
20105000019,042c7688-fa75-402f-80b5-968f6f4cfac5,7/15/2005,5,F,Not Provided,##,,8/21/2015 10:15,5,5,570,5.2,52,51.1,4.7,3.5,5.5
20105000021,766199f0-b026-402e-ab2b-640a04a256aa,1/19/2005,5,M,Not Provided,##,,8/21/2015 10:21,5,5,346,3,11,24.2,2.9,2.6,3.6
20105000022,9a8f83b9-82aa-4331-83d5-559d09737d3d,3/17/2005,5,F,Not Provided,##,,8/21/2015 12:21,5,5,663,6,69,60.4,5.6,4,6.1
20105000033,0730f7cd-f79c-4c56-8fcc-c9ba19929e26,9/22/2005,5,F,Not Provided,##,,8/21/2015 12:11,5,5,422,3.7,21,33,3.5,2.9,4.2
20105000035,815daa75-15c0-439c-8783-1369173a928f,4/26/2005,5,M,Not Provided,##,,8/21/2015 10:25,5,5,506,4.6,38,43.6,4.2,3.2,5.1
20105000037,7810989c-5f6d-4eb7-930b-c76317668ca0,9/22/2005,5,F,Not Provided,##,,8/21/2015 10:29,5,5,878,7.7,88,74.7,6.7,4.4,7.7
20105000038,3ec4cee8-7572-42d4-a7d2-a8042fccc079,11/5/2005,5,M,Not Provided,##,,8/21/2015 10:17,5,5,642,5.8,65,58.1,5.3,3.9,5.9
20105000039,0871a22c-cbc5-4cc3-b58e-f0ad00d9515f,9/1/2005,5,M,Not Provided,##,,8/21/2015 12:14,5,5,597,5.4,57,53.7,4.9,3.6,5.6
20105000041,7270a675-85fb-42d2-a0aa-2790ffb2ad0e,6/9/2005,5,M,Not Provided,##,,8/21/2015 10:11,5,5,616,5.6,60,55.3,5,3.8,5.8
20105000043,afac9d03-f064-43c6-8547-752a2633e090,5/3/2005,5,M,Not Provided,##,,8/21/2015 10:22,5,5,458,4.1,28,37.7,3.8,3,4.6
20105000044,ada76dc6-67a8-475a-b976-c81b9f3d7d76,9/14/2005,5,F,Not Provided,##,,8/21/2015 12:16,5,5,431,3.8,23,34.4,3.6,2.9,4.3
20105000049,eb8b1d53-24bd-46f5-93a7-2f612eab8c01,11/19/2005,5,F,Not Provided,##,,8/21/2015 12:13,5,5,486,4.4,34,41.3,4,3.2,4.9
20105000050,ccf1c948-af43-44c6-bcc4-291a7cd5f63d,11/24/2005,5,F,Not Provided,##,,8/21/2015 10:21,5,5,461,4.1,29,38.3,3.8,3,4.6
20105000052,ab8dccf6-ee38-4e2a-9ef4-d2e9e1d78fe0,8/13/2005,5,M,Not Provided,##,,8/21/2015 12:22,5,5,495,4.5,36,42.5,4.1,3.2,5
20105000059,d5dd8502-e7c0-4c54-a9c0-65549c74fd4e,2/16/2005,5,F,Not Provided,##,,8/21/2015 10:21,5,5,551,5,47,48.4,4.5,3.4,5.4
20105000060,de0d85b0-0dad-4b98-8c4e-8b832e74a6c9,7/14/2005,5,F,Not Provided,##,,8/21/2015 10:17,5,5,680,6.1,71,61.7,5.7,4,6.2
20105000065,be69424a-5d3f-4e65-afd8-888fb2cdf727,11/24/2005,5,M,Not Provided,##,,8/21/2015 10:22,5,5,540,4.9,45,47.4,4.5,3.4,5.3
20105000066,4ef1bba5-8315-453e-8813-85c27204c68c,7/23/2005,5,F,Not Provided,##,,8/21/2015 10:21,5,5,663,6,69,60.4,5.6,4,6.1
20105000067,48b95712-6bc1-4e2b-aaf5-88e187b2942d,4/30/2005,5,M,Not Provided,##,,8/21/2015 10:11,5,5,495,4.5,36,42.5,4.1,3.2,5
20105000073,568c03d8-b005-435b-b4fc-39a7ee892819,10/18/2005,5,M,Not Provided,##,,8/21/2015 12:15,5,5,457,4.1,28,37.7,3.8,3,4.6
20105000079,1befc54b-b1d3-4e12-86d9-6da085a65dd2,1/26/2005,5,F,Not Provided,##,,8/21/2015 10:11,5,5,614,5.6,60,55.3,5,3.8,5.8
20105000080,6a6bf0e7-e1f2-4ebd-b7fd-9d09bf4b3dcc,6/24/2005,5,F,Not Provided,##,,8/21/2015 10:24,5,5,536,4.9,45,47.4,4.4,3.4,5.3
20105000081,b1f7b76e-7a83-463b-a3a3-5b36eca32929,7/29/2005,5,F,Not Provided,##,,8/21/2015 12:21,5,5,915,8,91,78.2,6.9,4.5,8
20105000084,bc2fa600-1e10-4c5d-8052-3d31fea2b328,2/18/2005,5,M,Not Provided,##,,8/21/2015 10:10,5,5,540,4.9,45,47.4,4.5,3.4,5.3
20105000084,bc2fa600-1e10-4c5d-8052-3d31fea2b328,2/18/2005,5,M,Not Provided,##,,8/27/2015 9:54,5,5,507,4.6,38,43.6,4.2,3.2,5.1
20105000087,93390cab-e9b6-4eb6-bf92-6a56b64abcda,8/12/2005,5,M,Not Provided,##,,8/21/2015 10:21,5,5,840,7.4,85,71.8,6.5,4.4,7.4
20105000091,1c7d50e9-f829-4407-bbb9-2c4948a94c15,10/19/2005,5,M,Not Provided,##,,8/21/2015 10:20,5,5,426,3.7,22,33.7,3.6,2.9,4.2
20105000092,b5049655-2df5-4448-acd9-f86401f8c8d7,2/10/2005,5,M,Not Provided,##,,8/21/2015 10:22,5,5,556,5.1,48,48.9,4.6,3.5,5.5
20105000093,34db1b63-9d7c-44d4-8ed5-1a6f69de39e1,9/25/2005,5,M,Not Provided,##,,8/21/2015 10:13,5,5,548,5,47,48.4,4.5,3.4,5.4
20105000094,a44e0560-17ed-442e-900c-8d877fec0dd5,9/29/2005,5,M,American Indian or Alaskan Native,##,,8/21/2015 10:11,5,5,418,3.6,21,33,3.5,2.8,4.1
20105000095,711195e2-e3f2-45a7-9631-9c036a5067b8,2/27/2005,5,M,Not Provided,##,,8/21/2015 10:24,5,5,476,4.3,32,40.1,4,3.1,4.8
20105000098,976a97b1-2c26-4bd3-969d-778cf7fc9e38,8/24/2005,5,F,Not Provided,##,,8/21/2015 10:12,5,5,394,3.4,17,29.9,3.3,2.8,3.9
20105000100,3b5f4ced-e06d-4395-bd33-aaa74c80969f,5/5/2005,5,M,Not Provided,##,,8/21/2015 10:13,5,5,395,3.4,17,29.9,3.4,2.8,3.9
20105000106,928aa309-90fe-4dbe-8df7-716e8b6a5d50,1/28/2003,6,F,White,##,,8/15/2014 12:05,5,5,480,4.3,33,40.7,4,3.1,4.8
20105000106,928aa309-90fe-4dbe-8df7-716e8b6a5d50,1/28/2003,6,F,White,##,,10/30/2014 12:55,5,5.19,606,5.5,57,53.7,4.9,3.7,5.7
20105000106,928aa309-90fe-4dbe-8df7-716e8b6a5d50,1/28/2003,6,F,White,##,,12/19/2014 11:20,5,5.36,600,5.5,52,51.1,4.9,3.7,5.7
20105000106,928aa309-90fe-4dbe-8df7-716e8b6a5d50,1/28/2003,6,F,White,##,,2/27/2015 12:51,5,5.58,552,5,39,44.1,4.5,3.4,5.4
20105000106,928aa309-90fe-4dbe-8df7-716e8b6a5d50,1/28/2003,6,F,White,##,,4/30/2015 9:32,5,5.79,477,4.3,23,34.4,4,3.1,4.8
20105000181,9e9f0f44-6129-4e23-bcb9-a9e8a9ba53ec,3/1/2005,5,M,Not Provided,##,,8/21/2015 12:20,5,5,910,8,91,78.2,6.9,4.5,8
20105000183,7579f934-11e7-48b0-a33e-820f2f1b258f,7/9/2005,5,M,Not Provided,##,,8/21/2015 12:18,5,5,632,5.7,63,57,5.2,3.8,5.9
20105000185,a58ac6a2-9b02-4c7b-a35f-bd425fd17f36,1/6/2005,5,M,Not Provided,##,,8/21/2015 10:14,5,5,788,7,81,68.5,6.3,4.3,7
20105000186,95c29045-7167-4865-87d1-06f3d084edec,9/28/2004,5,F,Not Provided,##,,8/21/2015 10:10,5,5,491,4.4,35,41.9,4.1,3.2,4.9
20105000187,32b25de4-dd3c-4fc1-a2c0-a77d1b014339,3/17/2005,5,F,Not Provided,##,,8/21/2015 10:10,5,5,560,5.1,50,50,4.6,3.5,5.5
20105000190,e9bace20-0e1b-4e93-9eac-ea3184316e50,3/16/2004,6,F,American Indian or Alaskan Native,##,,8/15/2014 12:47,5,5,912,8,91,78.2,6.9,4.5,8
20105000190,e9bace20-0e1b-4e93-9eac-ea3184316e50,3/16/2004,6,F,American Indian or Alaskan Native,##,,10/30/2014 14:09,5,5.19,864,7.6,86,72.8,6.6,4.4,7.6
20105000190,e9bace20-0e1b-4e93-9eac-ea3184316e50,3/16/2004,6,F,American Indian or Alaskan Native,##,,12/19/2014 11:55,5,5.36,918,8.1,88,74.7,7,4.5,8.1
20105000190,e9bace20-0e1b-4e93-9eac-ea3184316e50,3/16/2004,6,F,American Indian or Alaskan Native,##,,2/27/2015 14:06,5,5.58,1117,10.3,94,82.7,10.1,4.7,10.3
20105000190,e9bace20-0e1b-4e93-9eac-ea3184316e50,3/16/2004,6,F,American Indian or Alaskan Native,##,,4/30/2015 12:33,5,5.79,1072,9.7,91,78.2,9.6,4.7,9.7
406139845,f332fd64-5770-4587-9427-29f7cf1f6def,11/7/2005,5,F,Not Provided,##,,8/21/2015 10:11,5,5,582,5.3,54,52.1,4.8,3.6,5.6
406139846,bd9e64f4-ef60-4c42-8888-e26cd375292c,5/10/2005,5,F,Not Provided,##,,8/21/2015 10:11,5,5,743,6.6,78,66.3,6.1,4.2,6.6
406139848,8b79d4c5-a79a-4f2a-a295-02975008f17f,9/6/2005,5,M,Not Provided,##,,8/21/2015 12:20,5,5,358,3.1,12,25.3,3,2.6,3.7
406139848,8b79d4c5-a79a-4f2a-a295-02975008f17f,9/6/2005,5,M,Not Provided,##,,8/24/2015 10:15,5,5,363,3.1,12,25.3,3.1,2.6,3.7
406139884,9aae3523-36ba-4343-b33e-7c386b048cd6,10/1/2005,5,M,Not Provided,##,,8/21/2015 10:11,5,5,563,5.1,50,50,4.6,3.5,5.5
406141080,e2ea2bf8-eb12-4618-9a2d-e1c9605e667c,6/9/2005,5,M,Not Provided,##,,8/21/2015 12:15,5,5,428,3.7,22,33.7,3.6,2.9,4.2
11937,c236704e-9fd5-4c57-baea-b033f09e5011,12/29/2003,5,F,Not Provided,##,,8/21/2015 10:21,5,5,297,2.6,6,17.3,2.5,2.4,3.4
406139855,c4ed3545-8ab8-4c8c-b69f-ab90aa457a62,11/10/2005,5,F,Not Provided,##,,8/26/2015 10:09,5,5,591,5.4,56,53.2,4.8,3.6,5.6
406139979,749f766c-8afb-4c9d-b976-597db252e744,5/7/2005,5,F,Not Provided,##,,8/21/2015 10:21,5,5,852,7.5,86,72.8,6.6,4.4,7.5
406140967,3d6b28ea-ee65-4d86-b0b3-9431f0bd0e7c,5/23/2005,5,M,Not Provided,##,,8/21/2015 10:10,5,5,602,5.5,58,54.2,4.9,3.7,5.7
406140256,f7795d52-7fcf-43bb-9edd-ef015d1cefba,7/14/2004,5,M,Not Provided,##,,8/24/2015 10:16,5,5,684,6.2,72,62.3,5.8,4.1,6.3
20102000059,24f6e511-fd9c-4bf2-8b5f-c71346b159bc,4/17/2005,5,M,Not Provided,##,,8/21/2015 10:16,5,5,244,2.3,3,10.4,1.9,2.2,3.2
406139825,578c425f-75f6-40aa-b788-1a906652c2c7,3/29/2005,5,M,Not Provided,##,,8/21/2015 12:27,5,5,436,3.8,23,34.4,3.6,2.9,4.3
406139825,578c425f-75f6-40aa-b788-1a906652c2c7,3/29/2005,5,M,Not Provided,##,,8/27/2015 9:51,5,5,391,3.4,17,29.9,3.3,2.8,3.9
20102000021,ccd060c8-0101-4d9c-9a6d-fbaca759b9f2,8/18/2005,5,M,Not Provided,##,,8/24/2015 10:16,5,5,403,3.5,19,31.5,3.4,2.8,4
20102000026,979a5b96-cdaa-4ed3-beb2-2b4398b64f6b,12/11/2004,5,M,Not Provided,##,,8/21/2015 10:21,5,5,372,3.2,14,27.2,3.2,2.7,3.8
20102000026,979a5b96-cdaa-4ed3-beb2-2b4398b64f6b,12/11/2004,5,M,Not Provided,##,,8/21/2015 12:47,5,5,83,1.3,1,1,-1,1.3,2.3
20102000026,979a5b96-cdaa-4ed3-beb2-2b4398b64f6b,12/11/2004,5,M,Not Provided,##,,8/24/2015 9:46,5,5,450,4,26,36.5,3.7,3,4.5
20102000050,1a50401c-a5e1-48aa-8ce1-813e84a269ec,4/6/2005,5,M,Not Provided,##,,8/21/2015 10:25,5,5,568,5.2,51,50.5,4.7,3.5,5.5
20102000050,1a50401c-a5e1-48aa-8ce1-813e84a269ec,4/6/2005,5,M,Not Provided,##,,8/24/2015 13:33,5,5,520,4.7,41,45.2,4.3,3.3,5.2
406140807,600625b2-b300-4b96-b0d7-fe062662362a,1/29/2005,5,F,Not Provided,##,,8/21/2015 10:10,5,5,531,4.8,44,46.8,4.4,3.3,5.2
20102000031,e12fe5d2-6ece-442a-83a5-c49a2b15494e,11/11/2005,5,M,Not Provided,##,,8/21/2015 10:11,5,5,496,4.5,36,42.5,4.1,3.2,5
20102000066,c37869a7-b79f-46bf-bd36-9fe31855a9f2,9/2/2005,5,M,Not Provided,##,,8/21/2015 12:12,5,5,665,6,69,60.4,5.6,4,6.1
20102000042,b02cafee-246c-47c6-b556-8ba6b6f8421c,7/25/2005,5,M,Not Provided,##,,9/17/2015 11:48,5,5.05,664,6,69,60.4,5.6,4,6.1
406139875,e363b778-fae6-4f8f-af58-08a2151a11b5,9/23/2005,5,F,Not Provided,##,,8/21/2015 12:14,5,5,514,4.7,40,44.7,4.3,3.3,5.2
20102000074,b5dc48aa-17a3-45a7-92fd-4bec72c1c7f1,12/2/2005,5,M,Not Provided,##,,8/21/2015 10:10,5,5,839,7.4,85,71.8,6.5,4.4,7.4
406139802,4f945360-22ae-4881-b8ac-cb2e23a00746,1/8/2005,5,F,Not Provided,##,,8/21/2015 10:12,5,5,1150,10.7,98,93.3,10.5,4.8,10.7
406142587,e8608231-82cd-4260-8810-8f283ec82ce1,10/20/2004,5,M,Not Provided,##,,8/21/2015 10:11,5,5,471,4.2,31,39.6,3.9,3.1,4.7
406142633,31df4e3b-5daf-468e-8b32-ea1cac7a787b,5/16/2005,5,M,Not Provided,##,,8/21/2015 10:22,5,5,896,7.9,89,75.8,6.8,4.5,7.9
12042,0901de59-e21a-4976-909b-2d93510b55fa,6/5/2005,5,M,Not Provided,##,,8/21/2015 10:10,5,5,487,4.4,34,41.3,4,3.2,4.9
13542,c35328e5-b6e5-47d0-807c-7f6c6c22470d,12/4/2004,5,F,Not Provided,##,,8/26/2015 9:38,5,5,832,7.3,84,70.9,6.5,4.4,7.3
13718,b153e605-a521-4b2b-a847-d4bc60b80dfd,9/10/2004,6,F,Not Provided,##,,8/15/2014 12:05,5,5,669,6,70,61,5.6,4,6.1
13718,b153e605-a521-4b2b-a847-d4bc60b80dfd,9/10/2004,6,F,Not Provided,##,,10/30/2014 12:52,5,5.19,537,4.9,43,46.3,4.4,3.4,5.3
13718,b153e605-a521-4b2b-a847-d4bc60b80dfd,9/10/2004,6,F,Not Provided,##,,12/19/2014 11:20,5,5.36,837,7.4,81,68.5,6.5,4.4,7.4
13718,b153e605-a521-4b2b-a847-d4bc60b80dfd,9/10/2004,6,F,Not Provided,##,,2/27/2015 12:51,5,5.58,658,5.9,59,54.8,5.5,3.9,6
13718,b153e605-a521-4b2b-a847-d4bc60b80dfd,9/10/2004,6,F,Not Provided,##,,4/30/2015 9:47,5,5.79,835,7.3,75,64.2,6.5,4.4,7.3
13718,b153e605-a521-4b2b-a847-d4bc60b80dfd,9/10/2004,6,F,Not Provided,##,,9/11/2015 14:13,6,6.03,850,7.5,69,60.4,6.6,4.4,7.5
13719,0f92e9cb-e795-47b1-9112-df6e68d46165,9/22/2004,6,F,White,##,,8/15/2014 13:38,5,5,418,3.6,21,33,3.5,2.8,4.1
13719,0f92e9cb-e795-47b1-9112-df6e68d46165,9/22/2004,6,F,White,##,,10/30/2014 15:51,5,5.19,471,4.2,30,39,3.9,3.1,4.7
13719,0f92e9cb-e795-47b1-9112-df6e68d46165,9/22/2004,6,F,White,##,,12/19/2014 12:31,5,5.36,412,3.6,17,29.9,3.5,2.8,4.1
13719,0f92e9cb-e795-47b1-9112-df6e68d46165,9/22/2004,6,F,White,##,,2/27/2015 15:56,5,5.58,532,4.9,36,42.5,4.4,3.4,5.3
13719,0f92e9cb-e795-47b1-9112-df6e68d46165,9/22/2004,6,F,White,##,,4/30/2015 13:18,5,5.79,519,4.7,31,39.6,4.3,3.3,5.2
13719,0f92e9cb-e795-47b1-9112-df6e68d46165,9/22/2004,6,F,White,##,,8/27/2015 10:22,6,6,589,5.4,36,42.5,4.8,3.6,5.6
13722,be6fee44-96c9-4dc2-b215-e527a31b592c,3/14/2004,6,M,Not Provided,##,,8/15/2014 13:35,5,5,306,2.7,7,18.9,2.6,2.4,3.4
13722,be6fee44-96c9-4dc2-b215-e527a31b592c,3/14/2004,6,M,Not Provided,##,,10/30/2014 14:09,5,5.19,380,3.3,14,27.2,3.3,2.7,3.8
13722,be6fee44-96c9-4dc2-b215-e527a31b592c,3/14/2004,6,M,Not Provided,##,,12/19/2014 11:55,5,5.36,329,2.8,7,18.9,2.8,2.5,3.5
13722,be6fee44-96c9-4dc2-b215-e527a31b592c,3/14/2004,6,M,Not Provided,##,,2/27/2015 14:08,5,5.58,486,4.4,27,37.1,4,3.2,4.9
13722,be6fee44-96c9-4dc2-b215-e527a31b592c,3/14/2004,6,M,Not Provided,##,,4/30/2015 12:34,5,5.79,468,4.2,22,33.7,3.9,3.1,4.7
13722,be6fee44-96c9-4dc2-b215-e527a31b592c,3/14/2004,6,M,Not Provided,##,,8/27/2015 10:11,6,6,427,3.7,11,24.2,3.6,2.9,4.2
13724,e70c7540-a920-47d9-ad1a-bb56852737dc,8/12/2004,6,F,White,##,,9/3/2014 13:39,5,5,414,3.6,20,32.3,3.5,2.8,4.1
13724,e70c7540-a920-47d9-ad1a-bb56852737dc,8/12/2004,6,F,White,##,,10/30/2014 12:55,5,5.19,385,3.3,15,28.2,3.3,2.7,3.8
13724,e70c7540-a920-47d9-ad1a-bb56852737dc,8/12/2004,6,F,White,##,,12/19/2014 11:21,5,5.36,523,4.8,37,43,4.3,3.3,5.2
13724,e70c7540-a920-47d9-ad1a-bb56852737dc,8/12/2004,6,F,White,##,,2/27/2015 12:55,5,5.58,347,3,8,20.4,3,2.6,3.6
13724,e70c7540-a920-47d9-ad1a-bb56852737dc,8/12/2004,6,F,White,##,,4/30/2015 9:35,5,5.79,487,4.4,25,35.8,4,3.2,4.9
13725,ecf9e4b0-f370-4856-a102-ce4fa8eceb7d,1/24/2004,6,F,Not Provided,##,,8/15/2014 12:48,5,5,559,5.1,49,49.5,4.6,3.5,5.5
13725,ecf9e4b0-f370-4856-a102-ce4fa8eceb7d,1/24/2004,6,F,Not Provided,##,,10/30/2014 14:08,5,5.19,581,5.3,52,51.1,4.8,3.6,5.6
13725,ecf9e4b0-f370-4856-a102-ce4fa8eceb7d,1/24/2004,6,F,Not Provided,##,,12/19/2014 11:54,5,5.36,417,3.6,17,29.9,3.5,2.8,4.1
13725,ecf9e4b0-f370-4856-a102-ce4fa8eceb7d,1/24/2004,6,F,Not Provided,##,,2/27/2015 14:07,5,5.58,502,4.5,30,39,4.2,3.2,5
13725,ecf9e4b0-f370-4856-a102-ce4fa8eceb7d,1/24/2004,6,F,Not Provided,##,,4/30/2015 12:33,5,5.79,588,5.4,44,46.8,4.8,3.6,5.6
13725,ecf9e4b0-f370-4856-a102-ce4fa8eceb7d,1/24/2004,6,F,Not Provided,##,,8/27/2015 10:08,6,6,619,5.6,41,45.2,5.1,3.8,5.8
13726,f26b39bb-2b24-4d79-8599-a9b1757ed821,12/31/2003,6,M,Not Provided,##,,8/15/2014 12:05,5,5,672,6.1,70,61,5.6,4,6.2
13726,f26b39bb-2b24-4d79-8599-a9b1757ed821,12/31/2003,6,M,Not Provided,##,,10/30/2014 12:56,5,5.19,657,5.9,66,58.7,5.5,3.9,6
13726,f26b39bb-2b24-4d79-8599-a9b1757ed821,12/31/2003,6,M,Not Provided,##,,12/19/2014 11:20,5,5.36,579,5.3,48,48.9,4.8,3.6,5.6
13726,f26b39bb-2b24-4d79-8599-a9b1757ed821,12/31/2003,6,M,Not Provided,##,,2/27/2015 12:58,5,5.58,672,6.1,61,55.9,5.6,4,6.2
13726,f26b39bb-2b24-4d79-8599-a9b1757ed821,12/31/2003,6,M,Not Provided,##,,4/30/2015 13:20,5,5.79,879,7.7,79,67,6.7,4.4,7.7
13726,f26b39bb-2b24-4d79-8599-a9b1757ed821,12/31/2003,6,M,Not Provided,##,,8/27/2015 11:28,6,6,862,7.6,71,61.7,6.6,4.4,7.6
13727,02dc43b0-3370-40ba-9742-a4c9e8a7e07c,1/20/2004,6,F,Not Provided,##,,8/15/2014 13:35,5,5,559,5.1,49,49.5,4.6,3.5,5.5
13727,02dc43b0-3370-40ba-9742-a4c9e8a7e07c,1/20/2004,6,F,Not Provided,##,,10/30/2014 15:50,5,5.19,636,5.8,62,56.4,5.3,3.9,5.9
13727,02dc43b0-3370-40ba-9742-a4c9e8a7e07c,1/20/2004,6,F,Not Provided,##,,12/19/2014 12:30,5,5.36,643,5.8,60,55.3,5.4,3.9,5.9
13727,02dc43b0-3370-40ba-9742-a4c9e8a7e07c,1/20/2004,6,F,Not Provided,##,,2/27/2015 15:51,5,5.58,690,6.2,64,57.5,5.8,4.1,6.3
13727,02dc43b0-3370-40ba-9742-a4c9e8a7e07c,1/20/2004,6,F,Not Provided,##,,4/30/2015 13:18,5,5.79,847,7.4,76,64.9,6.5,4.4,7.4
13727,02dc43b0-3370-40ba-9742-a4c9e8a7e07c,1/20/2004,6,F,Not Provided,##,,8/27/2015 12:07,6,6,845,7.4,69,60.4,6.5,4.4,7.4
13728,aae3febf-fe3e-423a-89e3-4a86ad5570a8,3/30/2004,6,M,White,##,,8/15/2014 13:35,5,5,516,4.7,40,44.7,4.3,3.3,5.2
13728,aae3febf-fe3e-423a-89e3-4a86ad5570a8,3/30/2004,6,M,White,##,,12/19/2014 12:30,5,5.36,602,5.5,53,51.6,4.9,3.7,5.7
13728,aae3febf-fe3e-423a-89e3-4a86ad5570a8,3/30/2004,6,M,White,##,,2/27/2015 15:50,5,5.58,590,5.4,47,48.4,4.8,3.6,5.6
13728,aae3febf-fe3e-423a-89e3-4a86ad5570a8,3/30/2004,6,M,White,##,,4/30/2015 13:18,5,5.79,574,5.2,41,45.2,4.7,3.5,5.5
13728,aae3febf-fe3e-423a-89e3-4a86ad5570a8,3/30/2004,6,M,White,##,,8/27/2015 10:10,6,6,678,6.1,51,50.5,5.7,4,6.2
13729,cb4399b4-707a-493a-8f44-2558cbe7ab1c,8/5/2004,6,F,Not Provided,##,,8/15/2014 12:06,5,5,258,2.4,4,13.1,2.1,2.2,3.2
13729,cb4399b4-707a-493a-8f44-2558cbe7ab1c,8/5/2004,6,F,Not Provided,##,,10/30/2014 12:55,5,5.19,391,3.4,16,29.1,3.3,2.8,3.9
13729,cb4399b4-707a-493a-8f44-2558cbe7ab1c,8/5/2004,6,F,Not Provided,##,,12/19/2014 11:21,5,5.36,404,3.5,16,29.1,3.4,2.8,4
13729,cb4399b4-707a-493a-8f44-2558cbe7ab1c,8/5/2004,6,F,Not Provided,##,,2/27/2015 12:57,5,5.58,421,3.7,16,29.1,3.5,2.9,4.2
13729,cb4399b4-707a-493a-8f44-2558cbe7ab1c,8/5/2004,6,F,Not Provided,##,,4/30/2015 11:44,5,5.79,376,3.2,9,21.8,3.2,2.7,3.8
13731,a93206ae-0605-48c0-ac5b-546870f3e910,7/6/2004,6,F,Not Provided,##,,8/15/2014 13:35,5,5,367,3.1,13,26.3,3.1,2.6,3.7
13731,a93206ae-0605-48c0-ac5b-546870f3e910,7/6/2004,6,F,Not Provided,##,,10/24/2014 16:11,5,5.17,416,3.6,19,31.5,3.5,2.8,4.1
13731,a93206ae-0605-48c0-ac5b-546870f3e910,7/6/2004,6,F,Not Provided,##,,12/19/2014 12:30,5,5.36,482,4.3,29,38.3,4,3.1,4.8
13731,a93206ae-0605-48c0-ac5b-546870f3e910,7/6/2004,6,F,Not Provided,##,,2/27/2015 15:52,5,5.58,406,3.5,14,27.2,3.4,2.8,4
13731,a93206ae-0605-48c0-ac5b-546870f3e910,7/6/2004,6,F,Not Provided,##,,4/30/2015 13:20,5,5.79,551,5,36,42.5,4.5,3.4,5.4
13731,a93206ae-0605-48c0-ac5b-546870f3e910,7/6/2004,6,F,Not Provided,##,,8/27/2015 11:28,6,6,479,4.3,18,30.7,4,3.1,4.8
13732,fcd9edaa-af93-4e3b-81c1-679fd3859096,7/21/2004,6,M,White,##,,8/15/2014 13:36,5,5,733,6.5,77,65.6,6.1,4.2,6.5
13732,fcd9edaa-af93-4e3b-81c1-679fd3859096,7/21/2004,6,M,White,##,,10/30/2014 15:59,5,5.19,810,7.1,82,69.3,6.4,4.3,7.1
13732,fcd9edaa-af93-4e3b-81c1-679fd3859096,7/21/2004,6,M,White,##,,12/19/2014 12:32,5,5.36,716,6.4,71,61.7,6,4.2,6.4
13732,fcd9edaa-af93-4e3b-81c1-679fd3859096,7/21/2004,6,M,White,##,,2/27/2015 15:57,5,5.58,848,7.4,79,67,6.5,4.4,7.4
13732,fcd9edaa-af93-4e3b-81c1-679fd3859096,7/21/2004,6,M,White,##,,4/30/2015 13:19,5,5.79,889,7.8,80,67.7,6.7,4.5,7.8
13732,fcd9edaa-af93-4e3b-81c1-679fd3859096,7/21/2004,6,M,White,##,,8/27/2015 12:46,6,6,922,8.1,78,66.3,7.2,4.5,8.1
13733,24c92810-95d8-450f-9061-b5c5996d72de,5/26/2004,6,M,White,##,,8/15/2014 12:47,5,5,871,7.6,88,74.7,6.7,4.4,7.6
13733,24c92810-95d8-450f-9061-b5c5996d72de,5/26/2004,6,M,White,##,,10/30/2014 14:09,5,5.19,806,7.1,81,68.5,6.4,4.3,7.1
13733,24c92810-95d8-450f-9061-b5c5996d72de,5/26/2004,6,M,White,##,,2/27/2015 14:07,5,5.58,931,8.2,87,73.7,7.5,4.5,8.2
13733,24c92810-95d8-450f-9061-b5c5996d72de,5/26/2004,6,M,White,##,,4/30/2015 12:33,5,5.79,1168,11,94,82.7,10.8,4.8,11
13733,24c92810-95d8-450f-9061-b5c5996d72de,5/26/2004,6,M,White,##,,8/27/2015 10:12,6,6,979,8.7,84,70.9,8.6,4.6,8.7
13734,d6492141-9aff-41a9-a2ad-f7dd04976f4c,7/15/2004,6,F,Not Provided,##,,8/15/2014 13:35,5,5,449,4,26,36.5,3.7,3,4.5
13734,d6492141-9aff-41a9-a2ad-f7dd04976f4c,7/15/2004,6,F,Not Provided,##,,10/24/2014 16:29,5,5.17,478,4.3,31,39.6,4,3.1,4.8
13734,d6492141-9aff-41a9-a2ad-f7dd04976f4c,7/15/2004,6,F,Not Provided,##,,12/19/2014 12:32,5,5.36,440,3.9,21,33,3.7,3,4.4
13734,d6492141-9aff-41a9-a2ad-f7dd04976f4c,7/15/2004,6,F,Not Provided,##,,4/30/2015 13:18,5,5.79,543,5,35,41.9,4.5,3.4,5.4
13735,08bdd500-d1b1-484d-9ca5-55f7cb1744ea,11/30/2004,6,F,White,##,,8/15/2014 13:35,5,5,579,5.3,54,52.1,4.8,3.6,5.6
13735,08bdd500-d1b1-484d-9ca5-55f7cb1744ea,11/30/2004,6,F,White,##,,10/30/2014 15:50,5,5.19,564,5.2,49,49.5,4.7,3.5,5.5
13735,08bdd500-d1b1-484d-9ca5-55f7cb1744ea,11/30/2004,6,F,White,##,,12/19/2014 12:31,5,5.36,729,6.5,72,62.3,6.1,4.2,6.5
13735,08bdd500-d1b1-484d-9ca5-55f7cb1744ea,11/30/2004,6,F,White,##,,2/27/2015 15:51,5,5.58,690,6.2,64,57.5,5.8,4.1,6.3
13735,08bdd500-d1b1-484d-9ca5-55f7cb1744ea,11/30/2004,6,F,White,##,,4/30/2015 13:20,5,5.79,571,5.2,41,45.2,4.7,3.5,5.5
13735,08bdd500-d1b1-484d-9ca5-55f7cb1744ea,11/30/2004,6,F,White,##,,8/27/2015 11:32,6,6,717,6.4,56,53.2,6,4.2,6.4
13737,44de53fd-1731-48dc-b6fb-7a9a053f0b31,7/31/2004,6,F,Not Provided,##,,8/15/2014 13:35,5,5,533,4.9,44,46.8,4.4,3.4,5.3
13737,44de53fd-1731-48dc-b6fb-7a9a053f0b31,7/31/2004,6,F,Not Provided,##,,10/30/2014 15:49,5,5.19,512,4.7,38,43.6,4.2,3.3,5.2
13737,44de53fd-1731-48dc-b6fb-7a9a053f0b31,7/31/2004,6,F,Not Provided,##,,12/19/2014 12:30,5,5.36,778,6.9,76,64.9,6.2,4.3,6.9
13737,44de53fd-1731-48dc-b6fb-7a9a053f0b31,7/31/2004,6,F,Not Provided,##,,2/27/2015 15:57,5,5.58,720,6.4,68,59.9,6,4.2,6.4
13737,44de53fd-1731-48dc-b6fb-7a9a053f0b31,7/31/2004,6,F,Not Provided,##,,4/30/2015 13:19,5,5.79,703,6.3,62,56.4,5.9,4.1,6.3
13737,44de53fd-1731-48dc-b6fb-7a9a053f0b31,7/31/2004,6,F,Not Provided,##,,8/27/2015 10:21,6,6,745,6.6,59,54.8,6.1,4.2,6.6
13739,611a5af3-ae7a-4ffc-aa1c-98e06507c87a,3/26/2004,6,F,Not Provided,##,,8/15/2014 12:05,5,5,487,4.4,34,41.3,4,3.2,4.9
13739,611a5af3-ae7a-4ffc-aa1c-98e06507c87a,3/26/2004,6,F,Not Provided,##,,10/30/2014 12:54,5,5.19,573,5.2,51,50.5,4.7,3.5,5.5
13739,611a5af3-ae7a-4ffc-aa1c-98e06507c87a,3/26/2004,6,F,Not Provided,##,,12/19/2014 11:21,5,5.36,533,4.9,39,44.1,4.4,3.4,5.3
13739,611a5af3-ae7a-4ffc-aa1c-98e06507c87a,3/26/2004,6,F,Not Provided,##,,2/27/2015 12:56,5,5.58,686,6.2,63,57,5.8,4.1,6.3
13739,611a5af3-ae7a-4ffc-aa1c-98e06507c87a,3/26/2004,6,F,Not Provided,##,,4/30/2015 9:33,5,5.79,710,6.4,63,57,6,4.2,6.4
13739,611a5af3-ae7a-4ffc-aa1c-98e06507c87a,3/26/2004,6,F,Not Provided,##,,8/27/2015 10:13,6,6,582,5.3,34,41.3,4.8,3.6,5.6
406142023,f0cea465-ac18-4dd9-82f1-a4c91a52d6c2,10/21/2004,6,F,White,##,,8/15/2014 12:48,5,5,371,3.2,14,27.2,3.2,2.7,3.8
406142023,f0cea465-ac18-4dd9-82f1-a4c91a52d6c2,10/21/2004,6,F,White,##,,10/24/2014 17:13,5,5.17,369,3.2,13,26.3,3.1,2.7,3.8
406142023,f0cea465-ac18-4dd9-82f1-a4c91a52d6c2,10/21/2004,6,F,White,##,,2/27/2015 14:06,5,5.58,490,4.4,28,37.7,4.1,3.2,4.9
406142023,f0cea465-ac18-4dd9-82f1-a4c91a52d6c2,10/21/2004,6,F,White,##,,4/30/2015 12:31,5,5.79,434,3.8,16,29.1,3.6,2.9,4.3
406142047,52b00202-c54e-40c9-9f7c-63b62875e6c7,11/13/2004,6,M,White,##,,8/15/2014 12:05,5,5,745,6.6,78,66.3,6.1,4.2,6.6
406142047,52b00202-c54e-40c9-9f7c-63b62875e6c7,11/13/2004,6,M,White,##,,10/30/2014 12:54,5,5.19,479,4.3,31,39.6,4,3.1,4.8
406142047,52b00202-c54e-40c9-9f7c-63b62875e6c7,11/13/2004,6,M,White,##,,12/19/2014 11:22,5,5.36,541,4.9,41,45.2,4.5,3.4,5.3
406142047,52b00202-c54e-40c9-9f7c-63b62875e6c7,11/13/2004,6,M,White,##,,2/27/2015 12:51,5,5.58,450,4,20,32.3,3.7,3,4.5
406142047,52b00202-c54e-40c9-9f7c-63b62875e6c7,11/13/2004,6,M,White,##,,4/24/2015 13:26,5,5.77,752,6.7,67,59.3,6.1,4.2,6.7
406142047,52b00202-c54e-40c9-9f7c-63b62875e6c7,11/13/2004,6,M,White,##,,9/10/2015 14:35,6,6.03,657,5.9,47,48.4,5.5,3.9,6
406142517,c28317c9-2b1e-4568-9b11-3d008eb2057d,9/18/2004,6,F,Not Provided,##,,9/18/2014 14:48,5,5.05,191,2,1,1,1.3,2,3
406142517,c28317c9-2b1e-4568-9b11-3d008eb2057d,9/18/2004,6,F,Not Provided,##,,10/30/2014 14:10,5,5.19,361,3.1,11,24.2,3.1,2.6,3.7
406142517,c28317c9-2b1e-4568-9b11-3d008eb2057d,9/18/2004,6,F,Not Provided,##,,12/19/2014 12:00,5,5.36,365,3.1,11,24.2,3.1,2.6,3.7
406142517,c28317c9-2b1e-4568-9b11-3d008eb2057d,9/18/2004,6,F,Not Provided,##,,2/27/2015 14:08,5,5.58,326,2.8,6,17.3,2.8,2.5,3.5
406142517,c28317c9-2b1e-4568-9b11-3d008eb2057d,9/18/2004,6,F,Not Provided,##,,4/30/2015 12:34,5,5.79,401,3.5,12,25.3,3.4,2.8,4
13777,c98c293b-8006-41af-8aa1-5c74737f4c23,4/2/2004,6,F,Not Provided,##,,8/15/2014 13:35,5,5,436,3.8,23,34.4,3.6,2.9,4.3
13777,c98c293b-8006-41af-8aa1-5c74737f4c23,4/2/2004,6,F,Not Provided,##,,10/30/2014 15:50,5,5.19,566,5.2,49,49.5,4.7,3.5,5.5
13777,c98c293b-8006-41af-8aa1-5c74737f4c23,4/2/2004,6,F,Not Provided,##,,12/19/2014 12:32,5,5.36,530,4.8,39,44.1,4.4,3.3,5.2
13777,c98c293b-8006-41af-8aa1-5c74737f4c23,4/2/2004,6,F,Not Provided,##,,2/27/2015 15:51,5,5.58,529,4.8,36,42.5,4.4,3.3,5.2
13777,c98c293b-8006-41af-8aa1-5c74737f4c23,4/2/2004,6,F,Not Provided,##,,4/30/2015 13:19,5,5.79,645,5.8,54,52.1,5.4,3.9,5.9
13780,0934e190-e6a3-49b8-bd98-2c7f65d0faa1,4/26/2004,6,M,Not Provided,##,,8/15/2014 13:35,5,5,406,3.5,19,31.5,3.4,2.8,4
13780,0934e190-e6a3-49b8-bd98-2c7f65d0faa1,4/26/2004,6,M,Not Provided,##,,10/30/2014 15:51,5,5.19,445,3.9,24,35.1,3.7,3,4.4
13780,0934e190-e6a3-49b8-bd98-2c7f65d0faa1,4/26/2004,6,M,Not Provided,##,,12/19/2014 12:29,5,5.36,462,4.1,25,35.8,3.8,3,4.6
13780,0934e190-e6a3-49b8-bd98-2c7f65d0faa1,4/26/2004,6,M,Not Provided,##,,2/27/2015 15:49,5,5.58,440,3.9,18,30.7,3.7,3,4.4
13780,0934e190-e6a3-49b8-bd98-2c7f65d0faa1,4/26/2004,6,M,Not Provided,##,,4/30/2015 13:19,5,5.79,524,4.8,32,40.1,4.4,3.3,5.2
13780,0934e190-e6a3-49b8-bd98-2c7f65d0faa1,4/26/2004,6,M,Not Provided,##,,8/27/2015 12:47,6,6,496,4.5,20,32.3,4.1,3.2,5
14880,49621563-dca2-40fc-85ae-573d29c1bd70,8/28/2004,6,M,Not Provided,##,,9/22/2014 11:51,5,5.07,259,2.4,4,13.1,2.1,2.2,3.2
14880,49621563-dca2-40fc-85ae-573d29c1bd70,8/28/2004,6,M,Not Provided,##,,10/30/2014 14:17,5,5.19,475,4.3,30,39,3.9,3.1,4.8
14880,49621563-dca2-40fc-85ae-573d29c1bd70,8/28/2004,6,M,Not Provided,##,,12/19/2014 11:59,5,5.36,494,4.5,31,39.6,4.1,3.2,5
14880,49621563-dca2-40fc-85ae-573d29c1bd70,8/28/2004,6,M,Not Provided,##,,2/27/2015 14:09,5,5.58,436,3.8,18,30.7,3.6,2.9,4.3
14880,49621563-dca2-40fc-85ae-573d29c1bd70,8/28/2004,6,M,Not Provided,##,,4/30/2015 12:34,5,5.79,528,4.8,33,40.7,4.4,3.3,5.2
14880,49621563-dca2-40fc-85ae-573d29c1bd70,8/28/2004,6,M,Not Provided,##,,8/27/2015 11:33,6,6,527,4.8,25,35.8,4.4,3.3,5.2
13846,b214c873-62da-4dee-bc92-47b30dc984fd,9/23/2004,6,F,Asian or Pacific Islander,##,,8/15/2014 12:47,5,5,672,6.1,70,61,5.6,4,6.2
13846,b214c873-62da-4dee-bc92-47b30dc984fd,9/23/2004,6,F,Asian or Pacific Islander,##,,10/24/2014 17:14,5,5.17,716,6.4,74,63.5,6,4.2,6.4
13846,b214c873-62da-4dee-bc92-47b30dc984fd,9/23/2004,6,F,Asian or Pacific Islander,##,,10/30/2014 14:10,5,5.19,893,7.8,88,74.7,6.8,4.5,7.8
13846,b214c873-62da-4dee-bc92-47b30dc984fd,9/23/2004,6,F,Asian or Pacific Islander,##,,12/19/2014 11:57,5,5.36,916,8,88,74.7,6.9,4.5,8
13846,b214c873-62da-4dee-bc92-47b30dc984fd,9/23/2004,6,F,Asian or Pacific Islander,##,,2/27/2015 14:06,5,5.58,893,7.8,83,70.1,6.8,4.5,7.8
13846,b214c873-62da-4dee-bc92-47b30dc984fd,9/23/2004,6,F,Asian or Pacific Islander,##,,4/30/2015 12:33,5,5.79,978,8.6,88,74.7,8.6,4.6,8.6
13850,c16f9fbe-f8bc-497b-ae0e-07250c6e1965,3/1/2004,6,M,White,##,,8/15/2014 12:05,5,5,613,5.6,60,55.3,5,3.8,5.8
13850,c16f9fbe-f8bc-497b-ae0e-07250c6e1965,3/1/2004,6,M,White,##,,10/30/2014 12:53,5,5.19,625,5.7,60,55.3,5.2,3.8,5.9
13850,c16f9fbe-f8bc-497b-ae0e-07250c6e1965,3/1/2004,6,M,White,##,,12/19/2014 11:21,5,5.36,632,5.7,58,54.2,5.2,3.8,5.9
13850,c16f9fbe-f8bc-497b-ae0e-07250c6e1965,3/1/2004,6,M,White,##,,2/27/2015 12:52,5,5.58,728,6.5,69,60.4,6.1,4.2,6.5
13850,c16f9fbe-f8bc-497b-ae0e-07250c6e1965,3/1/2004,6,M,White,##,,4/24/2015 13:27,5,5.77,624,5.7,50,50,5.1,3.8,5.9
13850,c16f9fbe-f8bc-497b-ae0e-07250c6e1965,3/1/2004,6,M,White,##,,8/27/2015 12:07,6,6,720,6.4,56,53.2,6,4.2,6.4
14092,71eb7446-771a-4cc9-8ae5-6288d6031c55,5/3/2004,6,M,Not Provided,##,,8/15/2014 13:35,5,5,438,3.9,24,35.1,3.6,3,4.4
14092,71eb7446-771a-4cc9-8ae5-6288d6031c55,5/3/2004,6,M,Not Provided,##,,10/30/2014 15:50,5,5.19,419,3.6,20,32.3,3.5,2.8,4.1
14092,71eb7446-771a-4cc9-8ae5-6288d6031c55,5/3/2004,6,M,Not Provided,##,,12/19/2014 12:30,5,5.36,621,5.6,56,53.2,5.1,3.8,5.8
14092,71eb7446-771a-4cc9-8ae5-6288d6031c55,5/3/2004,6,M,Not Provided,##,,2/27/2015 15:53,5,5.58,568,5.2,43,46.3,4.7,3.5,5.5
14092,71eb7446-771a-4cc9-8ae5-6288d6031c55,5/3/2004,6,M,Not Provided,##,,4/30/2015 13:19,5,5.79,595,5.4,45,47.4,4.9,3.6,5.6
14092,71eb7446-771a-4cc9-8ae5-6288d6031c55,5/3/2004,6,M,Not Provided,##,,8/27/2015 12:06,6,6,620,5.6,41,45.2,5.1,3.8,5.8
14093,ff5b8594-91af-445d-b843-8070e0bece95,7/18/2003,6,F,White,##,,8/15/2014 12:48,5,5,368,3.2,13,26.3,3.1,2.7,3.8
14093,ff5b8594-91af-445d-b843-8070e0bece95,7/18/2003,6,F,White,##,,10/30/2014 14:09,5,5.19,364,3.1,12,25.3,3.1,2.6,3.7
14093,ff5b8594-91af-445d-b843-8070e0bece95,7/18/2003,6,F,White,##,,12/19/2014 11:55,5,5.36,475,4.3,28,37.7,3.9,3.1,4.8
14093,ff5b8594-91af-445d-b843-8070e0bece95,7/18/2003,6,F,White,##,,2/27/2015 14:07,5,5.58,410,3.6,15,28.2,3.5,2.8,4.1
14093,ff5b8594-91af-445d-b843-8070e0bece95,7/18/2003,6,F,White,##,,4/30/2015 12:33,5,5.79,429,3.8,15,28.2,3.6,2.9,4.3
14094,4db716d5-2cf8-4968-9425-3996ffa4e2a9,4/23/2004,6,M,White,##,,8/15/2014 12:47,5,5,748,6.6,78,66.3,6.1,4.2,6.6
14094,4db716d5-2cf8-4968-9425-3996ffa4e2a9,4/23/2004,6,M,White,##,,10/30/2014 14:09,5,5.19,906,7.9,89,75.8,6.9,4.5,7.9
14094,4db716d5-2cf8-4968-9425-3996ffa4e2a9,4/23/2004,6,M,White,##,,12/19/2014 11:57,5,5.36,710,6.4,70,61,6,4.2,6.4
14094,4db716d5-2cf8-4968-9425-3996ffa4e2a9,4/23/2004,6,M,White,##,,2/27/2015 14:09,5,5.58,609,5.5,51,50.5,5,3.7,5.7
14094,4db716d5-2cf8-4968-9425-3996ffa4e2a9,4/23/2004,6,M,White,##,,4/30/2015 12:35,5,5.79,751,6.7,67,59.3,6.1,4.2,6.7
14094,4db716d5-2cf8-4968-9425-3996ffa4e2a9,4/23/2004,6,M,White,##,,9/11/2015 12:56,6,6.03,761,6.7,60,55.3,6.2,4.2,6.7
14096,8104be53-d2ad-428a-bde5-758b894d79dd,8/17/2004,6,M,White,##,,8/15/2014 12:06,5,5,531,4.8,44,46.8,4.4,3.3,5.2
14096,8104be53-d2ad-428a-bde5-758b894d79dd,8/17/2004,6,M,White,##,,10/30/2014 12:56,5,5.19,620,5.6,59,54.8,5.1,3.8,5.8
14096,8104be53-d2ad-428a-bde5-758b894d79dd,8/17/2004,6,M,White,##,,12/19/2014 11:24,5,5.36,819,7.2,79,67,6.4,4.3,7.2
14096,8104be53-d2ad-428a-bde5-758b894d79dd,8/17/2004,6,M,White,##,,2/27/2015 12:51,5,5.58,680,6.1,62,56.4,5.7,4,6.2
14096,8104be53-d2ad-428a-bde5-758b894d79dd,8/17/2004,6,M,White,##,,4/24/2015 13:27,5,5.77,633,5.7,52,51.1,5.2,3.8,5.9
14096,8104be53-d2ad-428a-bde5-758b894d79dd,8/17/2004,6,M,White,##,,8/27/2015 12:45,6,6,634,5.8,43,46.3,5.3,3.9,5.9
14101,bf7dd37d-3234-4015-862d-64e10ea5aa06,9/1/2004,6,M,White,##,,8/15/2014 12:47,5,5,425,3.7,22,33.7,3.6,2.9,4.2
14101,bf7dd37d-3234-4015-862d-64e10ea5aa06,9/1/2004,6,M,White,##,,10/30/2014 14:10,5,5.19,497,4.5,35,41.9,4.1,3.2,5
14101,bf7dd37d-3234-4015-862d-64e10ea5aa06,9/1/2004,6,M,White,##,,12/19/2014 11:55,5,5.36,355,3,9,21.8,3,2.6,3.6
14101,bf7dd37d-3234-4015-862d-64e10ea5aa06,9/1/2004,6,M,White,##,,2/27/2015 14:06,5,5.58,516,4.7,33,40.7,4.3,3.3,5.2
14101,bf7dd37d-3234-4015-862d-64e10ea5aa06,9/1/2004,6,M,White,##,,4/30/2015 12:33,5,5.79,212,2.1,1,1,1.5,2.1,3.1
14101,bf7dd37d-3234-4015-862d-64e10ea5aa06,9/1/2004,6,M,White,##,,8/27/2015 11:28,6,6,503,4.6,21,33,4.2,3.2,5.1
14102,3f492199-486a-47c9-ad81-2133a5b0eb9a,4/13/2004,6,F,White,##,,8/15/2014 12:47,5,5,652,5.9,67,59.3,5.4,3.9,6
14102,3f492199-486a-47c9-ad81-2133a5b0eb9a,4/13/2004,6,F,White,##,,10/30/2014 14:09,5,5.19,775,6.9,79,67,6.2,4.3,6.9
14102,3f492199-486a-47c9-ad81-2133a5b0eb9a,4/13/2004,6,F,White,##,,12/19/2014 11:54,5,5.36,698,6.3,68,59.9,5.9,4.1,6.3
14102,3f492199-486a-47c9-ad81-2133a5b0eb9a,4/13/2004,6,F,White,##,,2/27/2015 14:05,5,5.58,984,8.7,90,77,8.7,4.6,8.7
14102,3f492199-486a-47c9-ad81-2133a5b0eb9a,4/13/2004,6,F,White,##,,4/30/2015 12:32,5,5.79,689,6.2,60,55.3,5.8,4.1,6.3
14102,3f492199-486a-47c9-ad81-2133a5b0eb9a,4/13/2004,6,F,White,##,,8/27/2015 10:10,6,6,743,6.6,59,54.8,6.1,4.2,6.6
14103,fb02caec-5e9b-4e3d-94a5-4a96e0702c2e,9/18/2003,6,M,Not Provided,##,,8/15/2014 12:05,5,5,406,3.5,19,31.5,3.4,2.8,4
14103,fb02caec-5e9b-4e3d-94a5-4a96e0702c2e,9/18/2003,6,M,Not Provided,##,,10/30/2014 12:55,5,5.19,402,3.5,17,29.9,3.4,2.8,4
14103,fb02caec-5e9b-4e3d-94a5-4a96e0702c2e,9/18/2003,6,M,Not Provided,##,,12/19/2014 11:21,5,5.36,362,3.1,10,23,3.1,2.6,3.7
14103,fb02caec-5e9b-4e3d-94a5-4a96e0702c2e,9/18/2003,6,M,Not Provided,##,,2/27/2015 12:51,5,5.58,490,4.4,28,37.7,4.1,3.2,4.9
14103,fb02caec-5e9b-4e3d-94a5-4a96e0702c2e,9/18/2003,6,M,Not Provided,##,,4/30/2015 9:34,5,5.79,546,5,36,42.5,4.5,3.4,5.4
14103,fb02caec-5e9b-4e3d-94a5-4a96e0702c2e,9/18/2003,6,M,Not Provided,##,,8/27/2015 12:45,6,6,480,4.3,18,30.7,4,3.1,4.8
14106,8b67349b-e311-4fa2-aebf-385b60c84083,4/9/2004,6,F,Not Provided,##,,8/15/2014 12:05,5,5,417,3.6,20,32.3,3.5,2.8,4.1
14106,8b67349b-e311-4fa2-aebf-385b60c84083,4/9/2004,6,F,Not Provided,##,,10/30/2014 12:54,5,5.19,469,4.2,29,38.3,3.9,3.1,4.7
14106,8b67349b-e311-4fa2-aebf-385b60c84083,4/9/2004,6,F,Not Provided,##,,12/19/2014 11:19,5,5.36,458,4.1,24,35.1,3.8,3,4.6
14106,8b67349b-e311-4fa2-aebf-385b60c84083,4/9/2004,6,F,Not Provided,##,,2/27/2015 12:58,5,5.58,403,3.5,14,27.2,3.4,2.8,4
14106,8b67349b-e311-4fa2-aebf-385b60c84083,4/9/2004,6,F,Not Provided,##,,4/30/2015 9:33,5,5.79,485,4.4,25,35.8,4,3.2,4.9
14106,8b67349b-e311-4fa2-aebf-385b60c84083,4/9/2004,6,F,Not Provided,##,,8/27/2015 11:28,6,6,451,4,13,26.3,3.7,3,4.5
14108,9fa9b263-5539-47c8-968e-c6cd55d33a3c,7/6/2004,6,M,Not Provided,##,,9/3/2014 16:41,5,5,394,3.4,17,29.9,3.3,2.8,3.9
14108,9fa9b263-5539-47c8-968e-c6cd55d33a3c,7/6/2004,6,M,Not Provided,##,,10/24/2014 16:20,5,5.17,419,3.6,20,32.3,3.5,2.8,4.1
14108,9fa9b263-5539-47c8-968e-c6cd55d33a3c,7/6/2004,6,M,Not Provided,##,,10/30/2014 15:51,5,5.19,428,3.7,21,33,3.6,2.9,4.2
14108,9fa9b263-5539-47c8-968e-c6cd55d33a3c,7/6/2004,6,M,Not Provided,##,,12/19/2014 12:33,5,5.36,309,2.7,6,17.3,2.6,2.4,3.4
14108,9fa9b263-5539-47c8-968e-c6cd55d33a3c,7/6/2004,6,M,Not Provided,##,,2/27/2015 15:49,5,5.58,543,5,38,43.6,4.5,3.4,5.4
14108,9fa9b263-5539-47c8-968e-c6cd55d33a3c,7/6/2004,6,M,Not Provided,##,,4/30/2015 13:19,5,5.79,467,4.2,21,33,3.9,3.1,4.7
14108,9fa9b263-5539-47c8-968e-c6cd55d33a3c,7/6/2004,6,M,Not Provided,##,,8/27/2015 12:15,6,6,504,4.6,21,33,4.2,3.2,5.1
14317,3cbec18f-5cb7-4056-8fa2-8e16cd452695,3/13/2004,6,M,Not Provided,##,,8/15/2014 12:48,5,5,421,3.7,21,33,3.5,2.9,4.2
14317,3cbec18f-5cb7-4056-8fa2-8e16cd452695,3/13/2004,6,M,Not Provided,##,,10/30/2014 14:14,5,5.19,368,3.2,13,26.3,3.1,2.7,3.8
14317,3cbec18f-5cb7-4056-8fa2-8e16cd452695,3/13/2004,6,M,Not Provided,##,,12/19/2014 11:57,5,5.36,447,4,22,33.7,3.7,3,4.5
14317,3cbec18f-5cb7-4056-8fa2-8e16cd452695,3/13/2004,6,M,Not Provided,##,,2/27/2015 14:08,5,5.58,351,3,8,20.4,3,2.6,3.6
14317,3cbec18f-5cb7-4056-8fa2-8e16cd452695,3/13/2004,6,M,Not Provided,##,,4/30/2015 12:33,5,5.79,448,4,18,30.7,3.7,3,4.5
14376,4197d72b-17d9-446c-8f57-fd23b856192a,2/6/2004,6,F,Not Provided,##,,8/15/2014 12:48,5,5,659,6,68,59.9,5.5,4,6.1
14376,4197d72b-17d9-446c-8f57-fd23b856192a,2/6/2004,6,F,Not Provided,##,,10/30/2014 14:09,5,5.19,541,4.9,44,46.8,4.5,3.4,5.3
14376,4197d72b-17d9-446c-8f57-fd23b856192a,2/6/2004,6,F,Not Provided,##,,12/19/2014 11:59,5,5.36,506,4.6,34,41.3,4.2,3.2,5.1
14376,4197d72b-17d9-446c-8f57-fd23b856192a,2/6/2004,6,F,Not Provided,##,,2/27/2015 14:07,5,5.58,725,6.5,68,59.9,6,4.2,6.5
14376,4197d72b-17d9-446c-8f57-fd23b856192a,2/6/2004,6,F,Not Provided,##,,4/30/2015 12:33,5,5.79,614,5.6,48,48.9,5,3.8,5.8
14376,4197d72b-17d9-446c-8f57-fd23b856192a,2/6/2004,6,F,Not Provided,##,,8/27/2015 11:32,6,6,683,6.1,52,51.1,5.8,4,6.2
14383,52f8698e-9630-493b-a5c1-7490df6b4bed,9/28/2004,6,F,White,##,,8/15/2014 12:05,5,5,536,4.9,45,47.4,4.4,3.4,5.3
14383,52f8698e-9630-493b-a5c1-7490df6b4bed,9/28/2004,6,F,White,##,,10/30/2014 12:55,5,5.19,574,5.2,51,50.5,4.7,3.5,5.5
14383,52f8698e-9630-493b-a5c1-7490df6b4bed,9/28/2004,6,F,White,##,,12/19/2014 11:23,5,5.36,713,6.4,70,61,6,4.2,6.4
14383,52f8698e-9630-493b-a5c1-7490df6b4bed,9/28/2004,6,F,White,##,,2/27/2015 12:58,5,5.58,662,6,60,55.3,5.5,4,6.1
14383,52f8698e-9630-493b-a5c1-7490df6b4bed,9/28/2004,6,F,White,##,,4/30/2015 9:32,5,5.79,697,6.3,61,55.9,5.9,4.1,6.3
14383,52f8698e-9630-493b-a5c1-7490df6b4bed,9/28/2004,6,F,White,##,,9/11/2015 11:33,6,6.03,797,7,64,57.5,6.3,4.3,7
14489,d0331fe5-b120-4275-b1da-13fce67fa346,2/2/2004,6,M,Not Provided,##,,8/15/2014 13:36,5,5,466,4.2,30,39,3.9,3.1,4.7
14489,d0331fe5-b120-4275-b1da-13fce67fa346,2/2/2004,6,M,Not Provided,##,,10/24/2014 16:43,5,5.17,425,3.7,21,33,3.6,2.9,4.2
14489,d0331fe5-b120-4275-b1da-13fce67fa346,2/2/2004,6,M,Not Provided,##,,10/30/2014 15:52,5,5.19,500,4.5,36,42.5,4.2,3.2,5
14489,d0331fe5-b120-4275-b1da-13fce67fa346,2/2/2004,6,M,Not Provided,##,,12/19/2014 12:30,5,5.36,449,4,22,33.7,3.7,3,4.5
14489,d0331fe5-b120-4275-b1da-13fce67fa346,2/2/2004,6,M,Not Provided,##,,2/27/2015 15:56,5,5.58,383,3.3,11,24.2,3.3,2.7,3.8
14489,d0331fe5-b120-4275-b1da-13fce67fa346,2/2/2004,6,M,Not Provided,##,,4/30/2015 13:19,5,5.79,374,3.2,9,21.8,3.2,2.7,3.8
14489,d0331fe5-b120-4275-b1da-13fce67fa346,2/2/2004,6,M,Not Provided,##,,8/27/2015 10:10,6,6,486,4.4,18,30.7,4,3.2,4.9
14497,39cdd4e9-f6c6-40c9-acc5-78f1f52c53ff,10/2/2004,6,F,White,##,,8/15/2014 12:48,5,5,429,3.8,22,33.7,3.6,2.9,4.3
14497,39cdd4e9-f6c6-40c9-acc5-78f1f52c53ff,10/2/2004,6,F,White,##,,10/24/2014 17:12,5,5.17,341,2.9,9,21.8,2.9,2.5,3.5
14497,39cdd4e9-f6c6-40c9-acc5-78f1f52c53ff,10/2/2004,6,F,White,##,,12/19/2014 11:59,5,5.36,291,2.6,5,15.4,2.4,2.4,3.4
14497,39cdd4e9-f6c6-40c9-acc5-78f1f52c53ff,10/2/2004,6,F,White,##,,2/27/2015 14:07,5,5.58,454,4,21,33,3.8,3,4.5
14497,39cdd4e9-f6c6-40c9-acc5-78f1f52c53ff,10/2/2004,6,F,White,##,,4/30/2015 12:33,5,5.79,417,3.6,14,27.2,3.5,2.8,4.1
14501,4c5194c6-ade4-4b55-8976-c7cb4598b85e,5/26/2004,6,M,White,##,,8/15/2014 12:05,5,5,588,5.4,56,53.2,4.8,3.6,5.6
14501,4c5194c6-ade4-4b55-8976-c7cb4598b85e,5/26/2004,6,M,White,##,,10/30/2014 12:54,5,5.19,743,6.6,77,65.6,6.1,4.2,6.6
14501,4c5194c6-ade4-4b55-8976-c7cb4598b85e,5/26/2004,6,M,White,##,,12/19/2014 11:22,5,5.36,852,7.5,82,69.3,6.6,4.4,7.5
14501,4c5194c6-ade4-4b55-8976-c7cb4598b85e,5/26/2004,6,M,White,##,,2/27/2015 12:58,5,5.58,630,5.7,55,52.6,5.2,3.8,5.9
14501,4c5194c6-ade4-4b55-8976-c7cb4598b85e,5/26/2004,6,M,White,##,,4/30/2015 9:33,5,5.79,811,7.1,73,62.9,6.4,4.3,7.1
14501,4c5194c6-ade4-4b55-8976-c7cb4598b85e,5/26/2004,6,M,White,##,,8/27/2015 12:46,6,6,808,7.1,65,58.1,6.4,4.3,7.1
14511,575bd96b-1562-4621-8bd1-e052f73e7e71,4/18/2003,6,M,Not Provided,##,,8/15/2014 12:06,5,5,248,2.3,3,10.4,2,2.2,3.2
14511,575bd96b-1562-4621-8bd1-e052f73e7e71,4/18/2003,6,M,Not Provided,##,,10/30/2014 12:55,5,5.19,298,2.6,6,17.3,2.5,2.4,3.4
14511,575bd96b-1562-4621-8bd1-e052f73e7e71,4/18/2003,6,M,Not Provided,##,,12/19/2014 11:23,5,5.36,224,2.2,2,6.7,1.7,2.1,3.1
14511,575bd96b-1562-4621-8bd1-e052f73e7e71,4/18/2003,6,M,Not Provided,##,,2/27/2015 12:59,5,5.58,249,2.3,2,6.7,2,2.2,3.2
14511,575bd96b-1562-4621-8bd1-e052f73e7e71,4/18/2003,6,M,Not Provided,##,,4/30/2015 9:33,5,5.79,213,2.1,1,1,1.5,2.1,3.1
14511,575bd96b-1562-4621-8bd1-e052f73e7e71,4/18/2003,6,M,Not Provided,##,,8/27/2015 10:36,6,6,203,2,1,1,1.4,2,3
14514,a2ebc382-3f69-47de-999a-bf50908fadec,10/16/2004,6,F,White,##,,9/4/2014 15:57,5,5.01,315,2.7,8,20.4,2.6,2.4,3.4
14514,a2ebc382-3f69-47de-999a-bf50908fadec,10/16/2004,6,F,White,##,,10/24/2014 17:16,5,5.17,367,3.1,12,25.3,3.1,2.6,3.7
14514,a2ebc382-3f69-47de-999a-bf50908fadec,10/16/2004,6,F,White,##,,12/19/2014 12:31,5,5.36,480,4.3,29,38.3,4,3.1,4.8
14514,a2ebc382-3f69-47de-999a-bf50908fadec,10/16/2004,6,F,White,##,,2/27/2015 15:51,5,5.58,388,3.3,12,25.3,3.3,2.7,3.8
14514,a2ebc382-3f69-47de-999a-bf50908fadec,10/16/2004,6,F,White,##,,4/30/2015 13:19,5,5.79,542,4.9,35,41.9,4.5,3.4,5.3
14644,b86b28c1-453a-4bc5-bb44-f732c69786c1,4/14/2004,6,F,Not Provided,##,,8/15/2014 12:05,5,5,346,3,11,24.2,2.9,2.6,3.6
14644,b86b28c1-453a-4bc5-bb44-f732c69786c1,4/14/2004,6,F,Not Provided,##,,10/30/2014 12:53,5,5.19,380,3.3,14,27.2,3.3,2.7,3.8
14644,b86b28c1-453a-4bc5-bb44-f732c69786c1,4/14/2004,6,F,Not Provided,##,,12/19/2014 11:21,5,5.36,479,4.3,29,38.3,4,3.1,4.8
14644,b86b28c1-453a-4bc5-bb44-f732c69786c1,4/14/2004,6,F,Not Provided,##,,2/27/2015 12:52,5,5.58,558,5.1,41,45.2,4.6,3.5,5.5
14644,b86b28c1-453a-4bc5-bb44-f732c69786c1,4/14/2004,6,F,Not Provided,##,,4/30/2015 9:34,5,5.79,472,4.2,22,33.7,3.9,3.1,4.7
14655,05fa5311-5968-4ed2-8178-3bcb9441f3c4,10/30/2004,6,M,Not Provided,##,,8/15/2014 12:47,5,5,420,3.7,21,33,3.5,2.9,4.2
14655,05fa5311-5968-4ed2-8178-3bcb9441f3c4,10/30/2004,6,M,Not Provided,##,,10/30/2014 14:07,5,5.19,419,3.6,20,32.3,3.5,2.8,4.1
14655,05fa5311-5968-4ed2-8178-3bcb9441f3c4,10/30/2004,6,M,Not Provided,##,,12/19/2014 11:56,5,5.36,443,3.9,21,33,3.7,3,4.4
14655,05fa5311-5968-4ed2-8178-3bcb9441f3c4,10/30/2004,6,M,Not Provided,##,,2/27/2015 14:08,5,5.58,406,3.5,14,27.2,3.4,2.8,4
14655,05fa5311-5968-4ed2-8178-3bcb9441f3c4,10/30/2004,6,M,Not Provided,##,,4/30/2015 12:35,5,5.79,380,3.3,10,23,3.3,2.7,3.8
14655,05fa5311-5968-4ed2-8178-3bcb9441f3c4,10/30/2004,6,M,Not Provided,##,,8/27/2015 12:15,6,6,520,4.7,24,35.1,4.3,3.3,5.2
14657,8c0c5c68-9bc0-44a5-a77c-b2b49fcf0742,10/1/2004,6,F,Not Provided,##,,8/15/2014 12:05,5,5,363,3.1,12,25.3,3.1,2.6,3.7
14657,8c0c5c68-9bc0-44a5-a77c-b2b49fcf0742,10/1/2004,6,F,Not Provided,##,,10/24/2014 17:16,5,5.17,451,4,25,35.8,3.7,3,4.5
14657,8c0c5c68-9bc0-44a5-a77c-b2b49fcf0742,10/1/2004,6,F,Not Provided,##,,2/27/2015 12:55,5,5.58,434,3.8,18,30.7,3.6,2.9,4.3
14657,8c0c5c68-9bc0-44a5-a77c-b2b49fcf0742,10/1/2004,6,F,Not Provided,##,,4/30/2015 9:33,5,5.79,441,3.9,17,29.9,3.7,3,4.4
14657,8c0c5c68-9bc0-44a5-a77c-b2b49fcf0742,10/1/2004,6,F,Not Provided,##,,8/27/2015 12:18,6,6,514,4.7,23,34.4,4.3,3.3,5.2
14659,6ee7b4f7-df41-4579-a7cd-6d0bb26ea7e5,9/26/2004,6,M,White,##,,8/15/2014 12:10,5,5,372,3.2,14,27.2,3.2,2.7,3.8
14659,6ee7b4f7-df41-4579-a7cd-6d0bb26ea7e5,9/26/2004,6,M,White,##,,10/30/2014 12:54,5,5.19,363,3.1,12,25.3,3.1,2.6,3.7
14659,6ee7b4f7-df41-4579-a7cd-6d0bb26ea7e5,9/26/2004,6,M,White,##,,2/27/2015 12:59,5,5.58,276,2.5,3,10.4,2.3,2.3,3.3
14659,6ee7b4f7-df41-4579-a7cd-6d0bb26ea7e5,9/26/2004,6,M,White,##,,4/30/2015 9:34,5,5.79,300,2.6,4,13.1,2.5,2.4,3.4
14659,6ee7b4f7-df41-4579-a7cd-6d0bb26ea7e5,9/26/2004,6,M,White,##,,8/27/2015 11:30,6,6,305,2.7,3,10.4,2.6,2.4,3.4
14662,1e5af95f-e631-4a83-9f3a-c93d2d359665,5/25/2004,6,F,Not Provided,##,,8/15/2014 12:05,5,5,522,4.8,42,45.8,4.3,3.3,5.2
14662,1e5af95f-e631-4a83-9f3a-c93d2d359665,5/25/2004,6,F,Not Provided,##,,10/30/2014 12:53,5,5.19,468,4.2,29,38.3,3.9,3.1,4.7
14662,1e5af95f-e631-4a83-9f3a-c93d2d359665,5/25/2004,6,F,Not Provided,##,,12/19/2014 11:20,5,5.36,488,4.4,30,39,4.1,3.2,4.9
14662,1e5af95f-e631-4a83-9f3a-c93d2d359665,5/25/2004,6,F,Not Provided,##,,2/27/2015 12:56,5,5.58,501,4.5,30,39,4.2,3.2,5
14662,1e5af95f-e631-4a83-9f3a-c93d2d359665,5/25/2004,6,F,Not Provided,##,,4/30/2015 9:32,5,5.79,514,4.7,30,39,4.3,3.3,5.2
14662,1e5af95f-e631-4a83-9f3a-c93d2d359665,5/25/2004,6,F,Not Provided,##,,8/27/2015 12:07,6,6,585,5.3,35,41.9,4.8,3.6,5.6
14664,cd30eb81-30f5-48d8-bfb7-59ab3e753c1b,8/3/2004,6,M,Not Provided,##,,8/15/2014 13:35,5,5,362,3.1,12,25.3,3.1,2.6,3.7
14664,cd30eb81-30f5-48d8-bfb7-59ab3e753c1b,8/3/2004,6,M,Not Provided,##,,10/24/2014 16:15,5,5.17,403,3.5,18,30.7,3.4,2.8,4
14664,cd30eb81-30f5-48d8-bfb7-59ab3e753c1b,8/3/2004,6,M,Not Provided,##,,10/30/2014 15:51,5,5.19,462,4.1,28,37.7,3.8,3,4.6
14664,cd30eb81-30f5-48d8-bfb7-59ab3e753c1b,8/3/2004,6,M,Not Provided,##,,12/19/2014 12:41,5,5.36,376,3.2,12,25.3,3.2,2.7,3.8
14664,cd30eb81-30f5-48d8-bfb7-59ab3e753c1b,8/3/2004,6,M,Not Provided,##,,2/27/2015 15:49,5,5.58,465,4.1,23,34.4,3.9,3,4.6
14664,cd30eb81-30f5-48d8-bfb7-59ab3e753c1b,8/3/2004,6,M,Not Provided,##,,8/27/2015 12:08,6,6,548,5,28,37.7,4.5,3.4,5.4
14668,b2cb47b3-b5de-47de-8012-e9b70e7680c3,9/6/2004,6,F,Not Provided,##,,8/15/2014 12:06,5,5,284,2.5,5,15.4,2.3,2.3,3.3
14668,b2cb47b3-b5de-47de-8012-e9b70e7680c3,9/6/2004,6,F,Not Provided,##,,10/30/2014 12:55,5,5.19,361,3.1,11,24.2,3.1,2.6,3.7
14668,b2cb47b3-b5de-47de-8012-e9b70e7680c3,9/6/2004,6,F,Not Provided,##,,12/19/2014 11:21,5,5.36,373,3.2,12,25.3,3.2,2.7,3.8
14668,b2cb47b3-b5de-47de-8012-e9b70e7680c3,9/6/2004,6,F,Not Provided,##,,2/27/2015 13:17,5,5.58,313,2.7,5,15.4,2.6,2.4,3.4
14668,b2cb47b3-b5de-47de-8012-e9b70e7680c3,9/6/2004,6,F,Not Provided,##,,4/30/2015 9:38,5,5.79,308,2.7,4,13.1,2.6,2.4,3.4
14669,d01b097a-4e63-45fa-815e-ee8e735171df,1/3/2004,6,F,Not Provided,##,,8/15/2014 13:36,5,5,331,2.9,9,21.8,2.8,2.5,3.5
14669,d01b097a-4e63-45fa-815e-ee8e735171df,1/3/2004,6,F,Not Provided,##,,10/30/2014 15:51,5,5.19,397,3.4,17,29.9,3.4,2.8,3.9
14669,d01b097a-4e63-45fa-815e-ee8e735171df,1/3/2004,6,F,Not Provided,##,,12/19/2014 12:32,5,5.36,489,4.4,30,39,4.1,3.2,4.9
14669,d01b097a-4e63-45fa-815e-ee8e735171df,1/3/2004,6,F,Not Provided,##,,2/27/2015 15:51,5,5.58,390,3.4,12,25.3,3.3,2.8,3.9
14669,d01b097a-4e63-45fa-815e-ee8e735171df,1/3/2004,6,F,Not Provided,##,,4/30/2015 13:19,5,5.79,353,3,7,18.9,3,2.6,3.6
14669,d01b097a-4e63-45fa-815e-ee8e735171df,1/3/2004,6,F,Not Provided,##,,8/27/2015 12:06,6,6,397,3.4,8,20.4,3.4,2.8,3.9
14671,9aff9e5c-d867-40e5-9e99-4f623f212abc,11/15/2003,6,F,Not Provided,##,,8/18/2014 13:34,5,5,401,3.5,18,30.7,3.4,2.8,4
14671,9aff9e5c-d867-40e5-9e99-4f623f212abc,11/15/2003,6,F,Not Provided,##,,9/5/2014 16:32,5,5.01,421,3.7,21,33,3.5,2.9,4.2
14671,9aff9e5c-d867-40e5-9e99-4f623f212abc,11/15/2003,6,F,Not Provided,##,,10/30/2014 15:51,5,5.19,408,3.5,18,30.7,3.4,2.8,4
14671,9aff9e5c-d867-40e5-9e99-4f623f212abc,11/15/2003,6,F,Not Provided,##,,12/19/2014 12:31,5,5.36,524,4.8,38,43.6,4.4,3.3,5.2
14671,9aff9e5c-d867-40e5-9e99-4f623f212abc,11/15/2003,6,F,Not Provided,##,,2/27/2015 15:52,5,5.58,572,5.2,44,46.8,4.7,3.5,5.5
14671,9aff9e5c-d867-40e5-9e99-4f623f212abc,11/15/2003,6,F,Not Provided,##,,4/30/2015 13:19,5,5.79,682,6.1,59,54.8,5.7,4,6.2
14671,9aff9e5c-d867-40e5-9e99-4f623f212abc,11/15/2003,6,F,Not Provided,##,,8/27/2015 12:12,6,6,472,4.2,17,29.9,3.9,3.1,4.7
14673,f4e2f7be-4d59-4eea-ab82-b14bf093ba9f,2/24/2004,6,M,Not Provided,##,,8/15/2014 12:50,5,5,664,6,69,60.4,5.6,4,6.1
14673,f4e2f7be-4d59-4eea-ab82-b14bf093ba9f,2/24/2004,6,M,Not Provided,##,,10/30/2014 14:09,5,5.19,526,4.8,41,45.2,4.4,3.3,5.2
14673,f4e2f7be-4d59-4eea-ab82-b14bf093ba9f,2/24/2004,6,M,Not Provided,##,,12/19/2014 11:58,5,5.36,651,5.9,61,55.9,5.4,3.9,6
14673,f4e2f7be-4d59-4eea-ab82-b14bf093ba9f,2/24/2004,6,M,Not Provided,##,,2/27/2015 14:07,5,5.58,825,7.3,77,65.6,6.4,4.4,7.3
14673,f4e2f7be-4d59-4eea-ab82-b14bf093ba9f,2/24/2004,6,M,Not Provided,##,,4/30/2015 12:33,5,5.79,630,5.7,51,50.5,5.2,3.8,5.9
14673,f4e2f7be-4d59-4eea-ab82-b14bf093ba9f,2/24/2004,6,M,Not Provided,##,,8/27/2015 12:07,6,6,643,5.8,45,47.4,5.3,3.9,5.9
14675,0200ce13-509c-4a78-a28e-2a9d6cf7fb12,3/26/2004,6,F,Not Provided,##,,8/15/2014 13:35,5,5,411,3.6,20,32.3,3.5,2.8,4.1
14675,0200ce13-509c-4a78-a28e-2a9d6cf7fb12,3/26/2004,6,F,Not Provided,##,,10/24/2014 16:33,5,5.17,467,4.2,29,38.3,3.9,3.1,4.7
14675,0200ce13-509c-4a78-a28e-2a9d6cf7fb12,3/26/2004,6,F,Not Provided,##,,10/30/2014 15:51,5,5.19,500,4.5,36,42.5,4.2,3.2,5
14675,0200ce13-509c-4a78-a28e-2a9d6cf7fb12,3/26/2004,6,F,Not Provided,##,,12/19/2014 12:32,5,5.36,497,4.5,32,40.1,4.1,3.2,5
14675,0200ce13-509c-4a78-a28e-2a9d6cf7fb12,3/26/2004,6,F,Not Provided,##,,2/27/2015 15:52,5,5.58,521,4.7,34,41.3,4.3,3.3,5.2
14675,0200ce13-509c-4a78-a28e-2a9d6cf7fb12,3/26/2004,6,F,Not Provided,##,,4/30/2015 13:18,5,5.79,712,6.4,63,57,6,4.2,6.4
14675,0200ce13-509c-4a78-a28e-2a9d6cf7fb12,3/26/2004,6,F,Not Provided,##,,8/27/2015 11:28,6,6,619,5.6,41,45.2,5.1,3.8,5.8
14676,a8577a9a-bcc2-42ee-a662-8c08866a21af,8/28/2004,6,M,Not Provided,##,,8/15/2014 12:48,5,5,284,2.5,5,15.4,2.3,2.3,3.3
14676,a8577a9a-bcc2-42ee-a662-8c08866a21af,8/28/2004,6,M,Not Provided,##,,10/30/2014 14:13,5,5.19,378,3.2,14,27.2,3.2,2.7,3.8
14676,a8577a9a-bcc2-42ee-a662-8c08866a21af,8/28/2004,6,M,Not Provided,##,,12/19/2014 11:56,5,5.36,412,3.6,17,29.9,3.5,2.8,4.1
14676,a8577a9a-bcc2-42ee-a662-8c08866a21af,8/28/2004,6,M,Not Provided,##,,2/27/2015 14:07,5,5.58,376,3.2,11,24.2,3.2,2.7,3.8
14676,a8577a9a-bcc2-42ee-a662-8c08866a21af,8/28/2004,6,M,Not Provided,##,,4/30/2015 12:34,5,5.79,355,3,7,18.9,3,2.6,3.6
14677,bd7bd84b-9301-4094-94a9-f25b1a4b3b93,4/6/2004,6,F,American Indian or Alaskan Native,##,,8/15/2014 13:35,5,5,409,3.5,19,31.5,3.5,2.8,4
14677,bd7bd84b-9301-4094-94a9-f25b1a4b3b93,4/6/2004,6,F,American Indian or Alaskan Native,##,,10/30/2014 15:51,5,5.19,711,6.4,73,62.9,6,4.2,6.4
14677,bd7bd84b-9301-4094-94a9-f25b1a4b3b93,4/6/2004,6,F,American Indian or Alaskan Native,##,,12/19/2014 12:32,5,5.36,723,6.5,72,62.3,6,4.2,6.5
14677,bd7bd84b-9301-4094-94a9-f25b1a4b3b93,4/6/2004,6,F,American Indian or Alaskan Native,##,,2/27/2015 15:53,5,5.58,617,5.6,52,51.1,5.1,3.8,5.8
14677,bd7bd84b-9301-4094-94a9-f25b1a4b3b93,4/6/2004,6,F,American Indian or Alaskan Native,##,,4/30/2015 13:19,5,5.79,701,6.3,62,56.4,5.9,4.1,6.3
14677,bd7bd84b-9301-4094-94a9-f25b1a4b3b93,4/6/2004,6,F,American Indian or Alaskan Native,##,,8/27/2015 10:19,6,6,802,7.1,64,57.5,6.4,4.3,7.1
14678,e3290ae0-ff09-46d5-a9da-c80ea01af6ee,1/16/2004,6,M,White,##,,8/15/2014 12:05,5,5,554,5.1,48,48.9,4.5,3.5,5.5
14678,e3290ae0-ff09-46d5-a9da-c80ea01af6ee,1/16/2004,6,M,White,##,,10/30/2014 12:54,5,5.19,532,4.9,42,45.8,4.4,3.4,5.3
14678,e3290ae0-ff09-46d5-a9da-c80ea01af6ee,1/16/2004,6,M,White,##,,12/19/2014 11:20,5,5.36,527,4.8,38,43.6,4.4,3.3,5.2
14678,e3290ae0-ff09-46d5-a9da-c80ea01af6ee,1/16/2004,6,M,White,##,,2/27/2015 12:51,5,5.58,661,6,60,55.3,5.5,4,6.1
14678,e3290ae0-ff09-46d5-a9da-c80ea01af6ee,1/16/2004,6,M,White,##,,4/30/2015 9:32,5,5.79,698,6.3,61,55.9,5.9,4.1,6.3
14678,e3290ae0-ff09-46d5-a9da-c80ea01af6ee,1/16/2004,6,M,White,##,,8/27/2015 11:29,6,6,794,7,63,57,6.3,4.3,7
14679,95bedc70-d0ae-4b72-83c4-8b99abc9695b,1/31/2004,6,M,White,##,,8/15/2014 13:35,5,5,567,5.2,51,50.5,4.7,3.5,5.5
14679,95bedc70-d0ae-4b72-83c4-8b99abc9695b,1/31/2004,6,M,White,##,,10/24/2014 16:18,5,5.17,654,5.9,65,58.1,5.5,3.9,6
14679,95bedc70-d0ae-4b72-83c4-8b99abc9695b,1/31/2004,6,M,White,##,,12/19/2014 12:34,5,5.36,598,5.5,52,51.1,4.9,3.7,5.7
14679,95bedc70-d0ae-4b72-83c4-8b99abc9695b,1/31/2004,6,M,White,##,,2/27/2015 15:52,5,5.58,792,7,74,63.5,6.3,4.3,7
14679,95bedc70-d0ae-4b72-83c4-8b99abc9695b,1/31/2004,6,M,White,##,,4/30/2015 13:19,5,5.79,626,5.7,50,50,5.2,3.8,5.9
14679,95bedc70-d0ae-4b72-83c4-8b99abc9695b,1/31/2004,6,M,White,##,,8/27/2015 12:46,6,6,693,6.2,53,51.6,5.8,4.1,6.3
14680,e8c8e718-ba41-4639-9a29-c2fc8fafb523,4/26/2004,6,M,Not Provided,##,,8/15/2014 12:48,5,5,356,3.1,12,25.3,3,2.6,3.7
14680,e8c8e718-ba41-4639-9a29-c2fc8fafb523,4/26/2004,6,M,Not Provided,##,,10/30/2014 14:09,5,5.19,483,4.3,32,40.1,4,3.1,4.8
14680,e8c8e718-ba41-4639-9a29-c2fc8fafb523,4/26/2004,6,M,Not Provided,##,,12/19/2014 12:01,5,5.36,350,3,9,21.8,3,2.6,3.6
14680,e8c8e718-ba41-4639-9a29-c2fc8fafb523,4/26/2004,6,M,Not Provided,##,,2/27/2015 14:09,5,5.58,424,3.7,16,29.1,3.6,2.9,4.2
14680,e8c8e718-ba41-4639-9a29-c2fc8fafb523,4/26/2004,6,M,Not Provided,##,,4/30/2015 12:32,5,5.79,541,4.9,35,41.9,4.5,3.4,5.3
14680,e8c8e718-ba41-4639-9a29-c2fc8fafb523,4/26/2004,6,M,Not Provided,##,,8/27/2015 10:14,6,6,537,4.9,26,36.5,4.4,3.4,5.3
14681,dd84161a-a11c-4d59-9036-66fd7ab55d73,5/5/2004,6,M,Not Provided,##,,8/15/2014 12:47,5,5,292,2.6,6,17.3,2.4,2.4,3.4
14681,dd84161a-a11c-4d59-9036-66fd7ab55d73,5/5/2004,6,M,Not Provided,##,,10/30/2014 14:20,5,5.19,290,2.6,5,15.4,2.4,2.4,3.4
14681,dd84161a-a11c-4d59-9036-66fd7ab55d73,5/5/2004,6,M,Not Provided,##,,12/19/2014 11:55,5,5.36,328,2.8,7,18.9,2.8,2.5,3.5
14681,dd84161a-a11c-4d59-9036-66fd7ab55d73,5/5/2004,6,M,Not Provided,##,,2/27/2015 14:08,5,5.58,396,3.4,13,26.3,3.4,2.8,3.9
14681,dd84161a-a11c-4d59-9036-66fd7ab55d73,5/5/2004,6,M,Not Provided,##,,4/30/2015 12:34,5,5.79,369,3.2,8,20.4,3.1,2.7,3.8
14681,dd84161a-a11c-4d59-9036-66fd7ab55d73,5/5/2004,6,M,Not Provided,##,,8/27/2015 11:28,6,6,479,4.3,18,30.7,4,3.1,4.8
14682,a5a199c9-520b-4ccd-b2da-ccead1692ea1,7/7/2004,6,F,Not Provided,##,,8/15/2014 12:05,5,5,639,5.8,65,58.1,5.3,3.9,5.9
14682,a5a199c9-520b-4ccd-b2da-ccead1692ea1,7/7/2004,6,F,Not Provided,##,,10/30/2014 12:55,5,5.19,559,5.1,48,48.9,4.6,3.5,5.5
14682,a5a199c9-520b-4ccd-b2da-ccead1692ea1,7/7/2004,6,F,Not Provided,##,,12/19/2014 11:20,5,5.36,654,5.9,62,56.4,5.5,3.9,6
14682,a5a199c9-520b-4ccd-b2da-ccead1692ea1,7/7/2004,6,F,Not Provided,##,,2/27/2015 12:57,5,5.58,643,5.8,57,53.7,5.4,3.9,5.9
14682,a5a199c9-520b-4ccd-b2da-ccead1692ea1,7/7/2004,6,F,Not Provided,##,,4/30/2015 9:34,5,5.79,765,6.8,68,59.9,6.2,4.3,6.8
14682,a5a199c9-520b-4ccd-b2da-ccead1692ea1,7/7/2004,6,F,Not Provided,##,,8/27/2015 10:09,6,6,835,7.3,67,59.3,6.5,4.4,7.3
14685,05e80436-dd28-4d45-af62-4d6721df3b79,7/8/2004,6,F,White,##,,8/15/2014 12:48,5,5,383,3.3,16,29.1,3.3,2.7,3.8
14685,05e80436-dd28-4d45-af62-4d6721df3b79,7/8/2004,6,F,White,##,,10/24/2014 17:10,5,5.17,370,3.2,13,26.3,3.1,2.7,3.8
14685,05e80436-dd28-4d45-af62-4d6721df3b79,7/8/2004,6,F,White,##,,10/30/2014 14:10,5,5.19,343,2.9,10,23,2.9,2.5,3.5
14685,05e80436-dd28-4d45-af62-4d6721df3b79,7/8/2004,6,F,White,##,,12/19/2014 11:55,5,5.36,393,3.4,14,27.2,3.3,2.8,3.9
14685,05e80436-dd28-4d45-af62-4d6721df3b79,7/8/2004,6,F,White,##,,2/27/2015 14:06,5,5.58,450,4,20,32.3,3.7,3,4.5
14685,05e80436-dd28-4d45-af62-4d6721df3b79,7/8/2004,6,F,White,##,,4/30/2015 12:33,5,5.79,447,4,18,30.7,3.7,3,4.5
14689,b9bbfdb4-c853-4e29-bb5c-1b8173ec93f9,2/10/2004,6,F,Black,##,,8/15/2014 12:51,5,5,451,4,26,36.5,3.7,3,4.5
14689,b9bbfdb4-c853-4e29-bb5c-1b8173ec93f9,2/10/2004,6,F,Black,##,,10/30/2014 14:19,5,5.19,512,4.7,38,43.6,4.2,3.3,5.2
14689,b9bbfdb4-c853-4e29-bb5c-1b8173ec93f9,2/10/2004,6,F,Black,##,,12/19/2014 11:55,5,5.36,495,4.5,32,40.1,4.1,3.2,5
14689,b9bbfdb4-c853-4e29-bb5c-1b8173ec93f9,2/10/2004,6,F,Black,##,,2/27/2015 14:06,5,5.58,549,5,39,44.1,4.5,3.4,5.4
14689,b9bbfdb4-c853-4e29-bb5c-1b8173ec93f9,2/10/2004,6,F,Black,##,,4/30/2015 12:37,5,5.79,638,5.8,53,51.6,5.3,3.9,5.9
14689,b9bbfdb4-c853-4e29-bb5c-1b8173ec93f9,2/10/2004,6,F,Black,##,,8/27/2015 12:07,6,6,629,5.7,42,45.8,5.2,3.8,5.9
14690,1447c830-024f-40b1-a1f7-d2c4c2bc6268,3/24/2004,6,F,Not Provided,##,,8/15/2014 12:05,5,5,479,4.3,33,40.7,4,3.1,4.8
14690,1447c830-024f-40b1-a1f7-d2c4c2bc6268,3/24/2004,6,F,Not Provided,##,,10/30/2014 12:56,5,5.19,490,4.4,33,40.7,4.1,3.2,4.9
14690,1447c830-024f-40b1-a1f7-d2c4c2bc6268,3/24/2004,6,F,Not Provided,##,,12/19/2014 11:21,5,5.36,641,5.8,60,55.3,5.3,3.9,5.9
14690,1447c830-024f-40b1-a1f7-d2c4c2bc6268,3/24/2004,6,F,Not Provided,##,,2/27/2015 12:59,5,5.58,634,5.8,55,52.6,5.3,3.9,5.9
14690,1447c830-024f-40b1-a1f7-d2c4c2bc6268,3/24/2004,6,F,Not Provided,##,,4/30/2015 11:43,5,5.79,499,4.5,27,37.1,4.1,3.2,5
14690,1447c830-024f-40b1-a1f7-d2c4c2bc6268,3/24/2004,6,F,Not Provided,##,,8/27/2015 10:10,6,6,547,5,28,37.7,4.5,3.4,5.4
14705,c41f72d8-8415-4da1-a710-abc0f47f319e,2/24/2004,6,M,Not Provided,##,,8/15/2014 12:06,5,5,501,4.5,37,43,4.2,3.2,5
14705,c41f72d8-8415-4da1-a710-abc0f47f319e,2/24/2004,6,M,Not Provided,##,,10/30/2014 12:54,5,5.19,609,5.5,57,53.7,5,3.7,5.7
14705,c41f72d8-8415-4da1-a710-abc0f47f319e,2/24/2004,6,M,Not Provided,##,,12/19/2014 11:23,5,5.36,432,3.8,19,31.5,3.6,2.9,4.3
14705,c41f72d8-8415-4da1-a710-abc0f47f319e,2/24/2004,6,M,Not Provided,##,,2/27/2015 13:01,5,5.58,482,4.3,27,37.1,4,3.1,4.8
14705,c41f72d8-8415-4da1-a710-abc0f47f319e,2/24/2004,6,M,Not Provided,##,,4/30/2015 9:33,5,5.79,615,5.6,49,49.5,5,3.8,5.8
14705,c41f72d8-8415-4da1-a710-abc0f47f319e,2/24/2004,6,M,Not Provided,##,,8/27/2015 11:29,6,6,610,5.6,39,44.1,5,3.8,5.8
14920,4ebf0b27-c69b-4ac2-adf9-50c28c015f0d,10/27/2004,6,M,Not Provided,##,,8/15/2014 12:50,5,5,606,5.5,58,54.2,4.9,3.7,5.7
14920,4ebf0b27-c69b-4ac2-adf9-50c28c015f0d,10/27/2004,6,M,Not Provided,##,,10/30/2014 14:11,5,5.19,613,5.6,58,54.2,5,3.8,5.8
14920,4ebf0b27-c69b-4ac2-adf9-50c28c015f0d,10/27/2004,6,M,Not Provided,##,,12/19/2014 11:55,5,5.36,387,3.3,13,26.3,3.3,2.7,3.8
14920,4ebf0b27-c69b-4ac2-adf9-50c28c015f0d,10/27/2004,6,M,Not Provided,##,,2/27/2015 14:06,5,5.58,692,6.2,64,57.5,5.8,4.1,6.3
14920,4ebf0b27-c69b-4ac2-adf9-50c28c015f0d,10/27/2004,6,M,Not Provided,##,,4/30/2015 12:33,5,5.79,661,6,56,53.2,5.5,4,6.1
14920,4ebf0b27-c69b-4ac2-adf9-50c28c015f0d,10/27/2004,6,M,Not Provided,##,,8/27/2015 11:30,6,6,621,5.6,41,45.2,5.1,3.8,5.8
406141422,98897ff4-ed2a-40e0-873d-cc586f266251,2/29/2004,6,M,Not Provided,##,,8/15/2014 12:48,5,5,375,3.2,15,28.2,3.2,2.7,3.8
406141422,98897ff4-ed2a-40e0-873d-cc586f266251,2/29/2004,6,M,Not Provided,##,,10/30/2014 15:52,5,5.19,439,3.9,23,34.4,3.6,3,4.4
406141422,98897ff4-ed2a-40e0-873d-cc586f266251,2/29/2004,6,M,Not Provided,##,,12/19/2014 12:31,5,5.36,434,3.8,20,32.3,3.6,2.9,4.3
406141422,98897ff4-ed2a-40e0-873d-cc586f266251,2/29/2004,6,M,Not Provided,##,,2/27/2015 15:53,5,5.58,473,4.2,25,35.8,3.9,3.1,4.7
406141422,98897ff4-ed2a-40e0-873d-cc586f266251,2/29/2004,6,M,Not Provided,##,,4/30/2015 13:19,5,5.79,554,5.1,37,43,4.6,3.5,5.5
406141422,98897ff4-ed2a-40e0-873d-cc586f266251,2/29/2004,6,M,Not Provided,##,,8/27/2015 12:12,6,6,528,4.8,25,35.8,4.4,3.3,5.2
406142149,972c0bd7-e7e1-4a83-9cdc-d1dcecf27383,11/16/2004,6,M,Not Provided,##,,8/15/2014 12:47,5,5,257,2.3,4,13.1,2,2.2,3.2
406142149,972c0bd7-e7e1-4a83-9cdc-d1dcecf27383,11/16/2004,6,M,Not Provided,##,,10/30/2014 14:13,5,5.19,286,2.5,5,15.4,2.4,2.3,3.3
406142149,972c0bd7-e7e1-4a83-9cdc-d1dcecf27383,11/16/2004,6,M,Not Provided,##,,12/19/2014 11:55,5,5.36,239,2.2,2,6.7,1.9,2.1,3.1
406142149,972c0bd7-e7e1-4a83-9cdc-d1dcecf27383,11/16/2004,6,M,Not Provided,##,,2/27/2015 14:06,5,5.58,247,2.3,2,6.7,1.9,2.2,3.2
406142149,972c0bd7-e7e1-4a83-9cdc-d1dcecf27383,11/16/2004,6,M,Not Provided,##,,4/30/2015 12:32,5,5.79,426,3.7,15,28.2,3.6,2.9,4.2
406142149,972c0bd7-e7e1-4a83-9cdc-d1dcecf27383,11/16/2004,6,M,Not Provided,##,,8/27/2015 11:29,6,6,285,2.5,2,6.7,2.4,2.3,3.3
406142216,4a434007-17d6-4965-91b5-ffc5b02b23c0,8/27/2004,6,M,Not Provided,##,,8/15/2014 13:35,5,5,215,2.1,2,6.7,1.6,2.1,3.1
406142216,4a434007-17d6-4965-91b5-ffc5b02b23c0,8/27/2004,6,M,Not Provided,##,,10/30/2014 15:52,5,5.19,260,2.4,4,13.1,2.1,2.2,3.2
406142216,4a434007-17d6-4965-91b5-ffc5b02b23c0,8/27/2004,6,M,Not Provided,##,,12/19/2014 12:31,5,5.36,317,2.7,6,17.3,2.7,2.4,3.4
406142216,4a434007-17d6-4965-91b5-ffc5b02b23c0,8/27/2004,6,M,Not Provided,##,,2/27/2015 15:52,5,5.58,367,3.1,9,21.8,3.1,2.6,3.7
406142216,4a434007-17d6-4965-91b5-ffc5b02b23c0,8/27/2004,6,M,Not Provided,##,,4/30/2015 13:19,5,5.79,242,2.3,2,6.7,1.9,2.2,3.2
406142216,4a434007-17d6-4965-91b5-ffc5b02b23c0,8/27/2004,6,M,Not Provided,##,,8/27/2015 12:09,6,6,334,2.9,4,13.1,2.8,2.5,3.5
406142438,200c1852-4c57-45d9-8276-dd92e98351e3,10/4/2004,6,F,Not Provided,##,,8/15/2014 12:47,5,5,385,3.3,16,29.1,3.3,2.7,3.8
406142438,200c1852-4c57-45d9-8276-dd92e98351e3,10/4/2004,6,F,Not Provided,##,,10/24/2014 17:11,5,5.17,380,3.3,14,27.2,3.3,2.7,3.8
406142438,200c1852-4c57-45d9-8276-dd92e98351e3,10/4/2004,6,F,Not Provided,##,,10/30/2014 14:10,5,5.19,464,4.1,28,37.7,3.9,3,4.6
406142438,200c1852-4c57-45d9-8276-dd92e98351e3,10/4/2004,6,F,Not Provided,##,,12/19/2014 11:55,5,5.36,447,4,22,33.7,3.7,3,4.5
406142438,200c1852-4c57-45d9-8276-dd92e98351e3,10/4/2004,6,F,Not Provided,##,,2/27/2015 14:07,5,5.58,506,4.6,31,39.6,4.2,3.2,5.1
406142438,200c1852-4c57-45d9-8276-dd92e98351e3,10/4/2004,6,F,Not Provided,##,,4/30/2015 12:33,5,5.79,541,4.9,35,41.9,4.5,3.4,5.3
14990,98ea9e81-6aab-4602-b3f8-cab398e0fa82,5/15/2004,6,F,Not Provided,##,,8/15/2014 12:06,5,5,204,2,2,6.7,1.5,2,3
14990,98ea9e81-6aab-4602-b3f8-cab398e0fa82,5/15/2004,6,F,Not Provided,##,,10/30/2014 12:54,5,5.19,342,2.9,9,21.8,2.9,2.5,3.5
14990,98ea9e81-6aab-4602-b3f8-cab398e0fa82,5/15/2004,6,F,Not Provided,##,,12/19/2014 11:21,5,5.36,220,2.1,2,6.7,1.6,2.1,3.1
14990,98ea9e81-6aab-4602-b3f8-cab398e0fa82,5/15/2004,6,F,Not Provided,##,,2/27/2015 12:51,5,5.58,263,2.4,3,10.4,2.1,2.2,3.2
14990,98ea9e81-6aab-4602-b3f8-cab398e0fa82,5/15/2004,6,F,Not Provided,##,,4/30/2015 9:34,5,5.79,346,3,6,17.3,2.9,2.6,3.6
14990,98ea9e81-6aab-4602-b3f8-cab398e0fa82,5/15/2004,6,F,Not Provided,##,,8/27/2015 12:07,6,6,215,2.1,1,1,1.6,2.1,3.1
14991,d6f8fdd4-c424-43d2-a594-d3051941d472,9/23/2004,6,M,Not Provided,##,,8/15/2014 13:41,5,5,293,2.6,6,17.3,2.4,2.4,3.4
14991,d6f8fdd4-c424-43d2-a594-d3051941d472,9/23/2004,6,M,Not Provided,##,,10/24/2014 16:21,5,5.17,376,3.2,14,27.2,3.2,2.7,3.8
14991,d6f8fdd4-c424-43d2-a594-d3051941d472,9/23/2004,6,M,Not Provided,##,,10/30/2014 15:52,5,5.19,281,2.5,5,15.4,2.3,2.3,3.3
14991,d6f8fdd4-c424-43d2-a594-d3051941d472,9/23/2004,6,M,Not Provided,##,,12/19/2014 12:30,5,5.36,339,2.9,8,20.4,2.9,2.5,3.5
14991,d6f8fdd4-c424-43d2-a594-d3051941d472,9/23/2004,6,M,Not Provided,##,,2/27/2015 15:48,5,5.58,461,4.1,22,33.7,3.8,3,4.6
14991,d6f8fdd4-c424-43d2-a594-d3051941d472,9/23/2004,6,M,Not Provided,##,,4/30/2015 13:18,5,5.79,408,3.5,13,26.3,3.5,2.8,4
14991,d6f8fdd4-c424-43d2-a594-d3051941d472,9/23/2004,6,M,Not Provided,##,,8/27/2015 10:13,6,6,414,3.6,10,23,3.5,2.8,4.1
15010,670fdf3f-21f7-4d6d-a4e8-c674f35d519e,5/31/2004,6,M,Not Provided,##,,8/15/2014 12:05,5,5,476,4.3,32,40.1,4,3.1,4.8
15010,670fdf3f-21f7-4d6d-a4e8-c674f35d519e,5/31/2004,6,M,Not Provided,##,,10/30/2014 12:53,5,5.19,522,4.8,40,44.7,4.3,3.3,5.2
15010,670fdf3f-21f7-4d6d-a4e8-c674f35d519e,5/31/2004,6,M,Not Provided,##,,12/19/2014 11:20,5,5.36,548,5,42,45.8,4.5,3.4,5.4
15010,670fdf3f-21f7-4d6d-a4e8-c674f35d519e,5/31/2004,6,M,Not Provided,##,,2/27/2015 12:58,5,5.58,593,5.4,48,48.9,4.9,3.6,5.6
15010,670fdf3f-21f7-4d6d-a4e8-c674f35d519e,5/31/2004,6,M,Not Provided,##,,4/30/2015 9:35,5,5.79,595,5.4,45,47.4,4.9,3.6,5.6
15010,670fdf3f-21f7-4d6d-a4e8-c674f35d519e,5/31/2004,6,M,Not Provided,##,,8/27/2015 10:10,6,6,564,5.2,31,39.6,4.7,3.5,5.5
15082,a018f1f9-f19c-42fb-9861-d739eba24c63,11/30/2004,6,F,Not Provided,##,,9/3/2014 14:53,5,5,223,2.1,2,6.7,1.7,2.1,3.1
15082,a018f1f9-f19c-42fb-9861-d739eba24c63,11/30/2004,6,F,Not Provided,##,,10/24/2014 17:15,5,5.17,259,2.4,4,13.1,2.1,2.2,3.2
15082,a018f1f9-f19c-42fb-9861-d739eba24c63,11/30/2004,6,F,Not Provided,##,,10/30/2014 14:10,5,5.19,324,2.8,8,20.4,2.7,2.5,3.5
15082,a018f1f9-f19c-42fb-9861-d739eba24c63,11/30/2004,6,F,Not Provided,##,,12/19/2014 11:56,5,5.36,470,4.2,27,37.1,3.9,3.1,4.7
15082,a018f1f9-f19c-42fb-9861-d739eba24c63,11/30/2004,6,F,Not Provided,##,,2/27/2015 14:14,5,5.58,338,2.9,7,18.9,2.9,2.5,3.5
15082,a018f1f9-f19c-42fb-9861-d739eba24c63,11/30/2004,6,F,Not Provided,##,,4/30/2015 12:33,5,5.79,555,5.1,37,43,4.6,3.5,5.5
15084,25f16a37-ebc9-4064-811e-9c009a896f5d,4/21/2004,6,M,Not Provided,##,,9/3/2014 16:41,5,5,519,4.7,41,45.2,4.3,3.3,5.2
15084,25f16a37-ebc9-4064-811e-9c009a896f5d,4/21/2004,6,M,Not Provided,##,,10/30/2014 15:50,5,5.19,556,5.1,47,48.4,4.6,3.5,5.5
15084,25f16a37-ebc9-4064-811e-9c009a896f5d,4/21/2004,6,M,Not Provided,##,,12/19/2014 12:32,5,5.36,500,4.5,33,40.7,4.2,3.2,5
15084,25f16a37-ebc9-4064-811e-9c009a896f5d,4/21/2004,6,M,Not Provided,##,,2/27/2015 15:49,5,5.58,590,5.4,47,48.4,4.8,3.6,5.6
15084,25f16a37-ebc9-4064-811e-9c009a896f5d,4/21/2004,6,M,Not Provided,##,,4/30/2015 13:18,5,5.79,570,5.2,41,45.2,4.7,3.5,5.5
15149,4f8da52e-6744-4564-9bc2-ed8f3690b203,4/2/2004,6,M,White,##,,10/30/2014 15:50,5,5.19,783,6.9,79,67,6.3,4.3,6.9
15149,4f8da52e-6744-4564-9bc2-ed8f3690b203,4/2/2004,6,M,White,##,,12/19/2014 12:33,5,5.36,778,6.9,76,64.9,6.2,4.3,6.9
15149,4f8da52e-6744-4564-9bc2-ed8f3690b203,4/2/2004,6,M,White,##,,2/27/2015 15:52,5,5.58,908,8,85,71.8,6.9,4.5,8
15149,4f8da52e-6744-4564-9bc2-ed8f3690b203,4/2/2004,6,M,White,##,,4/30/2015 13:19,5,5.79,963,8.5,87,73.7,8.3,4.6,8.5
15149,4f8da52e-6744-4564-9bc2-ed8f3690b203,4/2/2004,6,M,White,##,,9/11/2015 14:23,6,6.03,741,6.6,58,54.2,6.1,4.2,6.6
15236,7e7f66ac-2595-402b-aa4d-dc9dddb46698,4/19/2004,6,F,White,##,,10/30/2014 14:18,5,5.19,630,5.7,61,55.9,5.2,3.8,5.9
15236,7e7f66ac-2595-402b-aa4d-dc9dddb46698,4/19/2004,6,F,White,##,,12/19/2014 11:54,5,5.36,663,6,63,57,5.5,4,6.1
15236,7e7f66ac-2595-402b-aa4d-dc9dddb46698,4/19/2004,6,F,White,##,,2/27/2015 14:07,5,5.58,750,6.7,71,61.7,6.1,4.2,6.7
15236,7e7f66ac-2595-402b-aa4d-dc9dddb46698,4/19/2004,6,F,White,##,,4/30/2015 12:32,5,5.79,770,6.8,69,60.4,6.2,4.3,6.8
15236,7e7f66ac-2595-402b-aa4d-dc9dddb46698,4/19/2004,6,F,White,##,,8/27/2015 11:29,6,6,654,5.9,47,48.4,5.5,3.9,6
15241,f1ddbaa6-1f58-4ade-9948-3009f066703d,1/27/2004,6,F,Not Provided,##,,12/19/2014 11:55,5,5.36,597,5.4,52,51.1,4.9,3.6,5.6
15241,f1ddbaa6-1f58-4ade-9948-3009f066703d,1/27/2004,6,F,Not Provided,##,,2/27/2015 14:07,5,5.58,633,5.7,55,52.6,5.2,3.8,5.9
15241,f1ddbaa6-1f58-4ade-9948-3009f066703d,1/27/2004,6,F,Not Provided,##,,8/27/2015 12:06,6,6,716,6.4,56,53.2,6,4.2,6.4
16434,499eccb9-6e53-4cf2-bcd9-821113b857d1,9/13/2004,6,M,Black,##,,8/27/2015 11:37,6,6,337,2.9,4,13.1,2.9,2.5,3.5
15309,79328ba7-6429-4ee3-a844-4c96defa77f5,8/1/2004,6,F,Not Provided,##,,8/27/2015 12:16,6,6,646,5.9,45,47.4,5.4,3.9,6
15335,bde5411a-cc2f-472e-aafa-7e684219cc9f,4/20/2004,6,F,Not Provided,##,,8/27/2015 10:14,6,6,500,4.5,21,33,4.2,3.2,5
15338,c3190b4f-ba06-4560-b962-86b4ab184559,3/29/2005,5,F,Not Provided,##,,8/21/2015 10:24,5,5,671,6,70,61,5.6,4,6.1
15338,c3190b4f-ba06-4560-b962-86b4ab184559,3/29/2005,5,F,Not Provided,##,,8/26/2015 9:48,5,5,511,4.6,39,44.1,4.2,3.2,5.1
15353,9d1ba0ef-fbd0-419e-a0ec-0792df245989,7/10/2005,5,M,Not Provided,##,,8/21/2015 10:21,5,5,467,4.2,30,39,3.9,3.1,4.7
15354,790e0533-e6e2-41a5-bb1e-2924544f7edb,8/16/2005,5,M,Not Provided,##,,8/21/2015 10:12,5,5,253,2.3,3,10.4,2,2.2,3.2
15393,ecf1cc85-18f2-4973-a516-824139fc5c73,4/18/2005,5,M,Not Provided,##,,8/21/2015 10:21,5,5,368,3.2,13,26.3,3.1,2.7,3.8
15394,2b0b0cb0-1024-4936-bdb4-f21b3ba062be,2/10/2005,5,M,Not Provided,##,,8/21/2015 10:11,5,5,360,3.1,12,25.3,3.1,2.6,3.7
15395,dcea94e7-8bb5-4839-8b0b-ed515c2175a9,12/20/2004,5,F,Not Provided,##,,8/21/2015 12:21,5,5,517,4.7,40,44.7,4.3,3.3,5.2
15419,82c2e577-f42d-40ad-b11d-c8b9bc5f6fd5,10/17/2005,5,M,Not Provided,##,,8/21/2015 10:17,5,5,332,2.9,9,21.8,2.8,2.5,3.5
15434,733a7a79-47bd-4760-9cb3-2fbd53280810,6/6/2005,5,M,Not Provided,##,,8/24/2015 10:16,5,5,641,5.8,65,58.1,5.3,3.9,5.9
15462,aa68f318-1bfb-4fcb-be3a-a44b39b1b589,8/3/2005,5,M,Not Provided,##,,8/21/2015 10:11,5,5,524,4.8,42,45.8,4.4,3.3,5.2
15463,cc5ba215-1f5d-4bda-b84c-4fb77dd2f139,5/20/2005,5,F,Not Provided,##,,8/21/2015 12:21,5,5,655,5.9,67,59.3,5.5,3.9,6
15475,75e944c3-f1e2-4386-98d3-337683e8b60d,6/8/2005,5,F,Not Provided,##,,8/21/2015 12:14,5,5,638,5.8,65,58.1,5.3,3.9,5.9
15554,21f6bfe8-171c-45f9-baa2-c83f545d69ee,7/21/2005,5,F,Not Provided,##,,8/21/2015 10:13,5,5,543,5,46,47.9,4.5,3.4,5.4
15563,d4aa97bb-6ca3-4d57-8122-11e9222dee12,9/7/2005,5,M,Not Provided,##,,8/24/2015 10:19,5,5,71,1.1,1,1,-1,1.1,2.1
15563,d4aa97bb-6ca3-4d57-8122-11e9222dee12,9/7/2005,5,M,Not Provided,##,,8/27/2015 9:37,5,5,66,1,1,1,-1,1,2
15563,d4aa97bb-6ca3-4d57-8122-11e9222dee12,9/7/2005,5,M,Not Provided,##,,8/27/2015 12:09,5,5,101,1.4,1,1,-1,1.4,2.4
15573,13c33e51-46c7-4180-b266-a66c2b1aa745,5/23/2005,5,F,Not Provided,##,,8/21/2015 10:13,5,5,489,4.4,34,41.3,4.1,3.2,4.9
15577,e538827b-53f5-4111-9f6c-f2dfae1bba93,5/3/2005,5,F,Not Provided,##,,8/21/2015 10:10,5,5,591,5.4,56,53.2,4.8,3.6,5.6
15593,fc273347-5e28-4685-9896-eeb9121686ae,6/15/2005,5,M,Not Provided,##,,8/21/2015 10:26,5,5,375,3.2,15,28.2,3.2,2.7,3.8
15662,d8f3b541-df8f-412b-847c-ad5753fcbfe5,11/21/2005,5,M,Not Provided,##,,8/21/2015 12:24,5,5,639,5.8,65,58.1,5.3,3.9,5.9
15664,a82eabf0-23f1-4f7e-b32f-aa2fdb627cce,11/21/2005,5,M,Not Provided,##,,8/21/2015 10:29,5,5,542,4.9,46,47.9,4.5,3.4,5.3
15677,ff6f76c3-af55-48c1-9f0e-43a5709fdf48,7/6/2005,5,F,Not Provided,##,,8/21/2015 12:25,5,5,220,2.1,2,6.7,1.6,2.1,3.1
15678,48e0ed5b-32de-47eb-886a-43a43051b29e,11/15/2004,5,M,Not Provided,##,,8/21/2015 12:20,5,5,295,2.6,6,17.3,2.5,2.4,3.4
15685,c026aff6-bc77-4edd-b359-409664597e89,9/23/2005,5,F,Not Provided,##,,8/21/2015 10:25,5,5,541,4.9,46,47.9,4.5,3.4,5.3
15690,a7fef198-384c-42b5-a852-66eae38cb003,9/25/2005,5,M,Not Provided,##,,8/21/2015 10:13,5,5,364,3.1,13,26.3,3.1,2.6,3.7
15708,1751c144-d968-4079-a6d4-8bc4f9fabeba,6/20/2005,5,F,Not Provided,##,,8/24/2015 9:55,5,5,272,2.4,4,13.1,2.2,2.2,3.2
15711,095f55a2-6e79-4be3-a000-ac23f68b355b,2/25/2004,5,M,Not Provided,##,,8/21/2015 12:21,5,5,313,2.7,7,18.9,2.6,2.4,3.4
15717,835df6ff-053b-4f3c-a8e3-ba04f4598064,12/22/2004,5,M,Not Provided,##,,8/24/2015 9:50,5,5,972,8.6,94,82.7,8.5,4.6,8.6
15741,3911305a-dc94-43dd-813a-5d54e2dc3b3f,2/11/2005,5,F,Not Provided,##,,8/21/2015 10:20,5,5,380,3.3,15,28.2,3.3,2.7,3.8
15745,c29dcbbc-921b-4ca9-a2a8-fe510e374656,7/13/2005,5,M,Not Provided,##,,8/21/2015 10:29,5,5,339,2.9,10,23,2.9,2.5,3.5
15747,0661dc9d-9418-48a8-b1c5-1410cce064a6,5/12/2005,5,F,Not Provided,##,,8/21/2015 10:14,5,5,492,4.4,35,41.9,4.1,3.2,4.9
15749,0a224a7b-6166-41dc-95cc-949d17af2a66,8/9/2005,5,M,Not Provided,##,,8/21/2015 10:15,5,5,450,4,26,36.5,3.7,3,4.5
15752,56534b98-b81f-4cfc-8391-d4c2409d3a65,1/26/2005,5,M,Not Provided,##,,8/21/2015 10:21,5,5,903,7.9,90,77,6.8,4.5,7.9
15753,7449bfbb-e81b-4837-9926-97872220c9f5,4/16/2005,5,F,Not Provided,##,,8/21/2015 10:21,5,5,352,3,11,24.2,3,2.6,3.6
15767,2cd4e639-3555-4a4f-8810-a9d4ef0dbed6,8/9/2005,5,M,Not Provided,##,,8/21/2015 10:22,5,5,300,2.6,6,17.3,2.5,2.4,3.4
15770,4a21bd0c-dcfd-4be7-ad8a-dbd0da61d8cd,11/22/2004,5,M,Not Provided,##,,8/21/2015 10:22,5,5,410,3.6,19,31.5,3.5,2.8,4.1
15771,b9719a88-5525-4c92-a88b-4df8039e8450,10/30/2005,5,F,Not Provided,##,,8/21/2015 10:19,5,5,536,4.9,45,47.4,4.4,3.4,5.3
15798,1bacabe2-db57-4a03-9f5a-be7d3bf1130b,5/25/2006,5,F,Not Provided,##,,8/21/2015 10:21,5,5,785,6.9,81,68.5,6.3,4.3,6.9
15951,41b9aadf-64e6-4a35-bfeb-080b4a82408f,10/9/2005,5,F,Not Provided,##,,8/21/2015 10:21,5,5,326,2.8,9,21.8,2.8,2.5,3.5
16017,0eaaa0e5-e272-40f6-98eb-d1f2efe4ffc3,5/17/2004,6,F,Not Provided,##,,8/27/2015 12:12,6,6,845,7.4,69,60.4,6.5,4.4,7.4
16027,2ee19f0d-9946-4f4e-a93f-0c15b1a7ffec,6/12/2005,5,F,Not Provided,##,,8/21/2015 10:22,5,5,445,3.9,25,35.8,3.7,3,4.4
16416,579de08d-e83a-44e0-8394-5bb782bd3dd9,7/19/2005,5,M,Not Provided,##,,8/21/2015 10:26,5,5,320,2.8,8,20.4,2.7,2.5,3.5
16482,11ea3de3-74a0-493f-9bfc-23114a832efe,6/27/2005,5,F,Not Provided,##,,8/21/2015 10:15,5,5,383,3.3,16,29.1,3.3,2.7,3.8
16511,09532bc9-e6ea-412e-89d7-c57f392f58a0,7/15/2005,5,M,Not Provided,##,,8/24/2015 10:20,5,5,624,5.7,62,56.4,5.1,3.8,5.9
16516,e2d7886c-0483-488a-bcc7-97eb477eaa25,1/19/2005,5,F,Not Provided,##,,8/24/2015 10:17,5,5,440,3.9,24,35.1,3.7,3,4.4
16517,26f23ddb-69d4-425c-be5f-65ffcf22c067,1/14/2005,5,M,Not Provided,##,,8/21/2015 10:19,5,5,454,4,27,37.1,3.8,3,4.5
16524,feeaf4e2-dc02-48b7-b57f-61d991850085,6/30/2005,5,M,Not Provided,##,,8/21/2015 10:12,5,5,402,3.5,18,30.7,3.4,2.8,4
16531,9cb13a17-9301-4f49-995e-a8bd70a92f94,8/14/2005,5,M,Not Provided,##,,8/21/2015 10:22,5,5,396,3.4,17,29.9,3.4,2.8,3.9
16559,de1507cc-bf1a-44d1-83b1-dad35b19e32a,5/6/2005,5,F,White,##,,8/21/2015 12:28,5,5,611,5.6,59,54.8,5,3.8,5.8
16586,60250d48-0193-4b9a-b6f8-a3c7de4a8991,4/4/2006,5,M,Not Provided,##,,8/21/2015 10:12,5,5,484,4.4,34,41.3,4,3.2,4.9
16600,86bdec54-0c8f-4767-9e72-36d35b351c9b,10/4/2005,5,M,Not Provided,##,,8/21/2015 10:26,5,5,568,5.2,51,50.5,4.7,3.5,5.5
406141411,54d5dfa3-2fe4-4372-afa4-439b04fb18c0,6/29/2005,5,F,Not Provided,##,,8/21/2015 12:21,5,5,514,4.7,40,44.7,4.3,3.3,5.2
406142067,4a55418c-3918-46cf-b0e1-643ce4cb8309,9/10/2005,5,F,Not Provided,##,,8/21/2015 12:48,5,5,303,2.6,7,18.9,2.5,2.4,3.4
406142114,d412c925-a210-4a62-9cac-62a8f87a1f1a,6/23/2005,5,M,Not Provided,##,,8/21/2015 10:28,5,5,355,3,11,24.2,3,2.6,3.6
406142213,ac0b2e78-07dd-451c-8649-0416ba06cabe,7/6/2005,5,F,Not Provided,##,,8/21/2015 10:21,5,5,453,4,27,37.1,3.8,3,4.5
16703,c0ed1221-90f5-431a-b0d5-2697b455fe0b,5/24/2003,6,M,Not Provided,##,,8/27/2015 12:11,6,6,519,4.7,24,35.1,4.3,3.3,5.2
16711,e0019d7f-6efa-44b4-b98e-7344132d65d2,11/9/2004,5,M,Not Provided,##,,8/28/2015 10:00,5,5,175,1.9,1,1,1.1,1.9,2.9
16713,0e6df50a-5115-4d1e-bbfd-9a5ece7cd505,1/9/2004,6,M,Not Provided,##,,8/27/2015 10:12,6,6,464,4.1,15,28.2,3.9,3,4.6
16718,72ba1ad3-0357-419a-8bb3-11f9d1305ee2,12/5/2004,5,M,Not Provided,##,,8/27/2015 9:47,5,5,286,2.5,5,15.4,2.4,2.3,3.3
16733,2f2f6a13-5b40-4afb-b3e0-23ade0d22b8a,2/24/2005,5,M,Not Provided,##,,8/28/2015 10:08,5,5,274,2.5,5,15.4,2.2,2.3,3.3
16905,f2128834-77e2-4251-9336-f57544845bd8,2/28/2005,5,M,Not Provided,##,,9/14/2015 9:31,5,5.04,403,3.5,19,31.5,3.4,2.8,4
