,StudentId,AssessmentGrade,GE-Grade,GE-Grade_MAX
0,10008,6,0.18,1.2
1,10008,7,0.2,0.2
2,10009,6,1.7,2.8
3,10009,7,3.9,3.9
4,11671,7,-1.1,-1.1
5,11681,7,-2.425,-2.2
6,11681,8,-4.5,-4.5
7,11688,7,-3.1,-3.1
8,11690,7,0.8,0.8
9,11698,7,-2.72,-1.4
10,11698,8,-2.1,-2.1
11,11705,7,-1.3,-1.3
12,11706,7,0.2,0.8
13,11710,7,-2.6,-2.6
14,11712,7,-1.18,-0.2
15,11712,8,-2.65,-1.2
16,11713,7,-2.1,-2.1
17,11716,7,-2.65,-1.6
18,11716,8,-3.6,-3.6
19,11719,7,-2.325,-1.8
20,11719,8,-4.4,-4.4
21,11720,7,-3.32,-2.7
22,11720,8,-4.9,-4.9
23,11722,7,0.55,1.9
24,11722,8,0.0,0.0
25,11724,7,-1.91666666667,-1.5
26,11724,8,-1.0,-1.0
27,11726,7,-1.325,-1.0
28,11726,8,-1.8,-1.8
29,11732,7,-0.157142857143,0.9
30,11732,8,1.5,1.5
31,11733,7,-0.877777777778,0.6
32,11733,8,-1.2,-1.2
33,11735,7,-2.4,-1.6
34,11735,8,-2.8,-2.8
35,11736,7,-0.62,0.1
36,11736,8,-2.1,-2.1
37,11738,7,-3.82,-2.8
38,11738,8,-3.2,-3.2
39,11740,7,-1.125,-0.5
40,11740,8,-5.2,-5.2
41,11741,7,-1.4,-0.4
42,11744,7,-1.11666666667,-0.6
43,11744,8,-2.0,-2.0
44,11746,7,-1.3,0.1
45,11746,8,-1.6,-1.6
46,11748,7,-1.225,-0.4
47,11748,8,-2.6,-2.6
48,11749,7,-2.2,-2.2
49,11753,7,-0.7,-0.7
50,11754,7,-4.2,-4.2
51,11755,7,-1.825,-1.2
52,11755,8,-2.4,-2.4
53,11756,7,0.366666666667,0.8
54,11758,7,-2.9,-2.3
55,11758,8,-4.6,-4.6
56,11759,7,-2.5,-1.9
57,11759,8,-3.1,-3.1
58,11775,7,1.7763568394e-16,1.3
59,11775,8,-2.0,-2.0
60,11779,7,0.275,1.3
61,11779,8,-1.1,-1.1
62,11797,7,-2.86,-2.2
63,11797,8,-3.4,-3.4
64,11798,7,-2.525,-1.7
65,11798,8,-3.3,-3.3
66,11800,7,-2.5,-2.5
67,11814,7,-4.74285714286,-4.2
68,11825,7,-0.633333333333,1.4
69,11825,8,-1.2,-1.2
70,11827,7,-2.8,-2.2
71,11827,8,-3.4,-3.4
72,11829,7,-4.5,-4.5
73,11830,7,-1.2,-1.2
74,11832,7,2.8,4.9
75,11832,8,2.3,2.3
76,11833,7,-1.76,-0.1
77,11833,8,-3.8,-3.8
78,11843,7,-0.15,1.6
79,11846,7,-0.9,-0.1
80,11846,8,-5.3,-5.3
81,11848,7,-1.56666666667,-0.8
82,11848,8,-2.7,-2.7
83,11849,7,-2.35,-2.1
84,11849,8,-4.5,-4.5
85,11862,7,-2.3,-2.0
86,11862,8,-1.9,-1.9
87,11865,5,0.4,0.4
88,11866,5,0.8,0.8
89,11869,7,-2.96666666667,-1.9
90,11869,8,-3.6,-3.6
91,11870,7,0.58,1.0
92,11870,8,0.6,0.6
93,11871,7,-0.344444444444,0.8
94,11871,8,0.3,0.3
95,11880,7,-3.8,-3.8
96,11887,7,0.0,0.0
97,11888,7,-1.5,-1.5
98,11894,7,-0.5,0.2
99,11894,8,-1.9,-1.9
100,11896,7,-1.8,-1.0
101,11896,8,-3.0,-3.0
102,11901,7,-2.675,-2.2
103,11923,7,-2.775,-1.7
104,11923,8,-2.7,-2.7
105,11924,7,-0.975,-0.3
106,11924,8,-2.0,-2.0
107,11936,5,0.8,0.8
108,11936,6,-0.3,-0.3
109,11937,5,-2.4,-2.4
110,11939,7,-2.725,-1.6
111,11939,8,-4.2,-4.2
112,11940,5,-1.9,-1.9
113,11948,7,-3.0,-3.0
114,11950,7,5.68,6.0
115,11950,8,5.0,5.0
116,11962,6,-3.31666666667,-2.1
117,11962,7,-4.2,-4.2
118,12002,7,0.18,1.6
119,12004,7,-1.45,-0.6
120,12004,8,-3.9,-3.9
121,12007,7,-1.5,-1.5
122,12011,7,-3.825,-2.9
123,12011,8,-4.2,-4.2
124,12015,7,-0.48,0.0
125,12015,8,-1.5,-1.5
126,12022,7,-3.7,-2.7
127,12022,8,-3.8,-3.8
128,12023,7,-4.78888888889,-4.3
129,12023,8,-6.4,-6.4
130,12025,7,-2.775,-2.1
131,12025,8,-4.4,-4.4
132,12028,7,1.6,3.2
133,12028,8,0.3,0.3
134,12030,7,-3.06666666667,-2.5
135,12030,8,-5.0,-5.0
136,12031,7,-1.4,-1.4
137,12032,7,0.2,0.9
138,12032,8,0.3,0.3
139,12036,7,1.05,3.4
140,12036,8,1.9,1.9
141,12039,7,-1.9,-1.9
142,12040,7,-1.55,-0.9
143,12040,8,-2.0,-2.0
144,12042,5,-0.6,-0.6
145,12046,7,-2.0,-0.7
146,12046,8,-3.4,-3.4
147,12049,7,-0.95,0.2
148,12049,8,-2.6,-2.6
149,12323,6,-3.23333333333,-3.0
150,12375,6,-2.7875,-1.2
151,12375,7,-1.9,-1.9
152,12377,6,-2.22,-1.0
153,12378,6,-0.1,1.0
154,12378,7,-0.8,-0.8
155,12379,6,-2.82857142857,-0.8
156,12379,7,-3.8,-3.8
157,12380,6,0.4,1.3
158,12380,7,0.9,0.9
159,12381,6,-0.5,-0.1
160,12381,7,-0.6,-0.6
161,12384,6,-3.84,-3.0
162,12384,7,-3.8,-3.8
163,12386,6,-2.575,-1.4
164,12386,7,-0.2,-0.2
165,12387,6,-0.471428571429,1.5
166,12387,7,-1.4,-1.4
167,12400,6,-3.53333333333,-2.9
168,12400,7,-3.2,-3.2
169,12402,6,-3.94,-3.5
170,12403,6,-2.82,-1.9
171,12403,7,-3.1,-3.1
172,12404,6,-3.4625,-1.8
173,12404,7,-4.7,-4.7
174,12405,6,0.575,1.9
175,12405,7,-1.3,-1.3
176,12406,6,-2.075,-0.3
177,12408,6,-1.3,-1.3
178,12409,6,-1.02,0.1
179,12409,7,-1.8,-1.8
180,12413,6,0.16,0.9
181,12413,7,-0.4,-0.4
182,12415,6,-1.12,-0.5
183,12415,7,-2.8,-2.8
184,12416,6,-0.36,-0.1
185,12416,7,-2.4,-2.4
186,12418,6,-0.866666666667,0.0
187,12420,6,6.125,7.0
188,12420,7,6.0,6.0
189,12421,6,0.46,1.6
190,12421,7,-0.6,-0.6
191,12425,6,0.14,0.5
192,12425,7,0.2,0.2
193,12426,6,-1.44,-1.2
194,12426,7,-2.2,-2.2
195,12428,6,1.74,2.3
196,12428,7,1.1,1.1
197,12429,6,-1.38,-0.7
198,12429,7,-2.0,-2.0
199,12439,6,-0.64,-0.1
200,12439,7,-1.5,-1.5
201,12441,6,0.76,1.5
202,12441,7,-0.3,-0.3
203,12445,6,-1.16,0.6
204,12445,7,0.7,0.7
205,12449,5,1.8,1.8
206,12449,6,0.0,0.0
207,12453,5,1.7,1.7
208,12453,6,1.9,1.9
209,12487,5,-1.9,-1.9
210,12487,6,-2.3,-2.3
211,12497,6,-1.52,-0.7
212,12497,7,-2.2,-2.2
213,12500,6,-0.84,-0.6
214,12500,7,-1.3,-1.3
215,12502,6,0.65,1.9
216,12502,7,0.4,0.4
217,12503,6,2.9,4.5
218,12503,7,2.7,2.7
219,12504,6,-1.34,-0.8
220,12504,7,-1.9,-1.9
221,12508,6,0.68,1.5
222,12508,7,-0.7,-0.7
223,12509,6,0.1,1.2
224,12509,7,-0.5,-0.5
225,12510,6,-0.14,0.4
226,12510,7,0.1,0.1
227,12512,6,-0.86,0.1
228,12512,7,-1.1,-1.1
229,12513,6,0.14,1.0
230,12513,7,-0.1,-0.1
231,12515,6,-0.5,0.4
232,12515,7,-1.9,-1.9
233,12516,6,0.55,1.3
234,12517,6,2.3,4.1
235,12517,7,1.7,1.7
236,12518,6,0.3,1.7
237,12518,7,-1.8,-1.8
238,12519,6,-0.8,-0.3
239,12519,7,-1.5,-1.5
240,12520,6,-0.16,0.3
241,12520,7,0.4,0.4
242,12521,6,-0.74,0.3
243,12524,6,0.04,0.4
244,12524,7,-1.3,-1.3
245,12530,6,0.46,1.4
246,12530,7,-1.2,-1.2
247,12562,5,-1.8,-1.8
248,12562,6,-1.9,-1.9
249,12568,6,-1.4,-0.4
250,12568,7,-1.7,-1.7
251,12578,6,-0.08,0.5
252,12578,7,-0.8,-0.8
253,12588,6,1.7,3.2
254,12588,7,0.5,0.5
255,12594,6,-0.22,0.5
256,12594,7,-2.5,-2.5
257,12597,6,-0.92,0.2
258,12597,7,-1.8,-1.8
259,12602,6,-1.38,-1.1
260,12602,7,-2.8,-2.8
261,12607,6,-0.74,-0.3
262,12607,7,-1.8,-1.8
263,12608,6,-0.56,-0.3
264,12608,7,-0.8,-0.8
265,12609,6,0.16,1.4
266,12609,7,-0.6,-0.6
267,12610,5,0.0,0.0
268,12610,6,0.2,0.2
269,12611,6,-0.42,0.2
270,12611,7,-1.0,-1.0
271,12612,6,-0.4,-0.1
272,12613,6,6.85,7.0
273,12613,7,5.9,5.9
274,12617,6,1.84,4.0
275,12617,7,1.7,1.7
276,12641,6,-1.06,-0.3
277,12641,7,-2.1,-2.1
278,12653,6,0.24,1.0
279,12653,7,-0.5,-0.5
280,12654,6,-0.12,0.1
281,12654,7,-0.3,-0.3
282,12655,6,-0.56,0.0
283,12655,7,-1.9,-1.9
284,12662,6,0.84,1.4
285,12662,7,-0.1,-0.1
286,12664,6,2.64,3.5
287,12664,7,3.9,3.9
288,12666,6,2.2,4.2
289,12666,7,1.5,1.5
290,12672,6,-0.2,1.0
291,12672,7,-1.2,-1.2
292,12673,6,2.6,4.3
293,12673,7,3.9,3.9
294,12674,6,-1.16,-0.6
295,12674,7,-1.9,-1.9
296,12675,6,0.0166666666667,1.6
297,12675,7,-1.5,-1.5
298,12676,6,0.08,1.1
299,12676,7,0.1,0.1
300,12677,6,2.56,3.7
301,12677,7,3.2,3.2
302,12679,6,-1.54,-0.9
303,12679,7,-2.5,-2.5
304,12680,6,-2.06,-1.7
305,12680,7,-1.6,-1.6
306,12683,6,-0.92,-0.5
307,12683,7,-1.6,-1.6
308,12686,6,2.375,2.8
309,12686,7,-0.6,-0.6
310,12687,6,2.14,3.1
311,12687,7,2.4,2.4
312,12688,7,-2.55,-2.3
313,12688,8,-2.0,-2.0
314,12690,6,-2.825,-2.2
315,12690,7,-4.05,-3.3
316,12693,6,-2.15,-0.4
317,12693,7,-1.8,-1.8
318,12694,6,-2.625,-1.7
319,12694,7,-2.9,-2.9
320,12695,6,0.7,1.8
321,12695,7,1.1,1.1
322,12696,6,-2.02,-1.0
323,12696,7,-2.4,-2.4
324,12697,6,-0.933333333333,-0.5
325,12697,7,-1.2,-1.2
326,12698,6,-3.0,-1.4
327,12698,7,-2.3,-2.3
328,12701,6,-0.3,0.6
329,12701,7,-0.6,-0.6
330,12702,6,-3.35,-2.5
331,12702,7,-4.1,-4.1
332,12727,6,-1.76666666667,-1.1
333,12730,6,-3.15,-2.2
334,12744,6,-3.3,-3.1
335,12751,6,-4.1,-4.1
336,12759,6,0.666666666667,1.2
337,12760,6,-0.166666666667,0.1
338,12762,6,2.85,3.0
339,12763,7,-0.3,-0.3
340,12780,6,1.625,2.3
341,12780,7,-0.5,-0.5
342,12784,7,0.283333333333,2.4
343,12784,8,-1.0,-1.0
344,12785,6,1.46666666667,2.0
345,12785,7,-0.9,-0.9
346,12786,7,-0.85,0.0
347,12786,8,-1.8,-1.8
348,12790,7,-1.275,0.2
349,12790,8,-0.8,-0.8
350,12791,7,-3.22,-2.3
351,12791,8,-5.2,-5.2
352,12793,7,-2.24,-1.9
353,12793,8,-4.9,-4.9
354,12801,6,2.45,2.7
355,12802,7,-2.3,-1.1
356,12802,8,-3.2,-3.2
357,12804,6,-1.23333333333,-0.7
358,12805,6,-3.1,-2.0
359,12805,7,-2.7,-2.7
360,12806,7,0.166666666667,1.7
361,12806,8,-1.2,-1.2
362,12808,7,3.92,5.9
363,12808,8,0.7,0.7
364,12813,6,-0.62,-0.2
365,12813,7,-1.8,-1.8
366,12817,7,0.4,1.1
367,12817,8,2.3,2.3
368,12828,6,0.18,1.1
369,12828,7,-0.5,-0.5
370,12829,6,-0.3,1.6
371,12829,7,-0.5,-0.5
372,12835,6,1.24,1.8
373,12835,7,0.9,0.9
374,12838,7,-1.15,0.0
375,12838,8,-2.7,-2.7
376,12847,6,5.46,7.0
377,12847,7,5.9,5.9
378,12848,6,1.04,1.8
379,12848,7,0.0,0.0
380,12868,6,-1.92,0.1
381,12868,7,-1.8,-1.8
382,12869,6,0.18,2.3
383,12869,7,-0.7,-0.2
384,12878,6,-1.48,-0.6
385,12878,7,-2.15,-2.0
386,12880,7,0.32,1.7
387,12880,8,0.8,0.8
388,12883,7,-4.55,-3.9
389,12883,8,-5.5,-5.5
390,12884,7,-3.8,-3.5
391,12884,8,-4.5,-4.5
392,12885,7,-1.03333333333,-0.6
393,12885,8,-1.8,-1.8
394,12888,7,1.76666666667,3.8
395,12888,8,2.3,2.3
396,12889,7,-2.14,-0.7
397,12889,8,-3.5,-3.5
398,12890,7,2.18333333333,6.0
399,12890,8,4.0,4.0
400,12891,7,-2.125,-1.6
401,12891,8,-4.2,-4.2
402,12892,7,-0.35,1.4
403,12892,8,-2.3,-2.3
404,12893,7,-0.833333333333,-0.2
405,12893,8,-2.2,-2.2
406,12896,6,-0.175,0.5
407,12896,7,-1.1,-1.1
408,12897,7,-3.9,-3.9
409,12898,6,-2.925,-2.2
410,12898,7,-2.9,-2.9
411,12900,6,-2.06666666667,-0.8
412,12903,6,-0.925,-0.4
413,12903,7,-1.1,-1.1
414,12904,6,1.5,3.2
415,12904,7,1.4,1.4
416,12907,6,0.966666666667,2.3
417,12908,6,0.34,1.7
418,12908,7,-0.5,-0.5
419,12912,6,4.6,7.0
420,12912,7,5.6,5.6
421,12914,6,-0.14,0.4
422,12914,7,-1.5,-1.5
423,12915,6,-1.32,-0.7
424,12915,7,-1.5,-1.5
425,12917,7,-3.8,-3.8
426,12925,6,-0.68,0.0
427,12925,7,-1.5,-1.5
428,12939,6,-1.1,-0.6
429,12940,5,-1.43333333333,-0.7
430,12941,7,-3.8,-3.8
431,12942,6,-0.22,1.2
432,12942,7,0.2,0.2
433,12943,6,-1.4,0.0
434,12943,7,-1.4,-1.4
435,12944,7,-3.4,-3.4
436,12945,6,-0.533333333333,-0.3
437,12947,6,5.85,7.0
438,12952,7,-1.5,-1.5
439,12954,6,0.633333333333,1.5
440,12961,6,0.3,1.2
441,12962,7,-0.7,-0.7
442,12975,6,-0.92,-0.4
443,12975,7,-1.4,-1.3
444,12977,6,-1.9,-0.1
445,12977,7,0.1,0.1
446,12983,6,-2.02,-1.3
447,12983,7,-2.6,-2.6
448,12994,6,-0.46,1.7
449,12994,7,-1.15,-0.8
450,12998,6,-3.6,-3.6
451,13000,6,-0.12,1.2
452,13000,7,-1.6,-1.6
453,13009,6,-0.375,0.1
454,13009,7,-0.1,-0.1
455,13013,6,-4.0,-4.0
456,13017,5,0.3,0.3
457,13017,6,-0.7,-0.7
458,13019,6,-3.85,-3.7
459,13020,5,-0.75,0.0
460,13020,6,-0.5,-0.5
461,13026,6,-0.933333333333,-0.2
462,13027,6,1.46666666667,2.0
463,13028,6,0.3,1.1
464,13036,6,-0.24,1.1
465,13036,7,-1.3,-1.3
466,13043,7,1.7,1.7
467,13051,6,2.36666666667,3.3
468,13052,5,-2.475,-2.1
469,13052,6,-3.1,-3.1
470,13056,6,3.98,5.6
471,13056,7,3.3,3.3
472,13059,6,-1.96666666667,-1.6
473,13067,6,0.88,1.5
474,13067,7,1.6,1.6
475,13078,6,-1.5,-0.5
476,13078,7,-2.9,-2.9
477,13079,6,5.58,7.0
478,13079,7,5.5,5.5
479,13083,7,-2.4,-2.4
480,13084,6,-1.6,-1.3
481,13085,7,-2.6,-2.6
482,13087,6,-1.54,-1.3
483,13087,7,-2.7,-2.7
484,13100,6,1.4,2.5
485,13102,6,2.9,4.9
486,13107,7,-3.975,-3.2
487,13107,8,-4.1,-4.1
488,13109,6,0.65,1.1
489,13109,7,-0.1,-0.1
490,13112,6,-1.31666666667,0.5
491,13112,7,-3.1,-3.1
492,13115,6,0.3,0.3
493,13123,7,6.0,6.0
494,13131,6,-1.18,-0.3
495,13131,7,-2.1,-2.1
496,13140,5,-1.45,-1.0
497,13140,6,-1.5,-1.5
498,13141,6,-0.34,0.3
499,13141,7,-0.2,-0.2
500,13144,6,-1.53333333333,-0.8
501,13144,7,-1.9,-1.9
502,13157,7,-0.72,0.4
503,13157,8,-3.2,-3.2
504,13158,6,6.52,7.0
505,13158,7,6.0,6.0
506,13160,6,0.8,1.7
507,13160,7,-1.1,-1.1
508,13161,6,-1.52,-0.6
509,13161,7,-2.15,-2.1
510,13162,6,1.14,2.6
511,13162,7,0.5,0.5
512,13163,6,1.66666666667,2.0
513,13163,7,0.05,1.1
514,13165,6,-1.88,-0.2
515,13165,7,-3.15,-3.0
516,13167,6,-0.04,0.9
517,13167,7,-0.5,-0.5
518,13172,5,-0.925,-0.3
519,13172,6,-1.7,-1.7
520,13173,6,2.26,5.7
521,13173,7,2.1,2.1
522,13174,6,1.04,1.9
523,13174,7,2.2,2.2
524,13177,6,2.0,2.1
525,13178,6,-1.86666666667,-1.5
526,13180,7,-3.3,-3.3
527,13183,6,-0.133333333333,1.2
528,13187,6,-1.9,-1.4
529,13224,7,-1.45,-0.3
530,13225,7,-0.125,0.1
531,13225,8,-1.5,-1.5
532,13226,7,-4.75454545455,-3.5
533,13226,8,-6.3,-6.3
534,13228,7,-4.4,-3.9
535,13230,6,3.15,3.3
536,13238,5,-1.8,-1.4
537,13238,6,-2.9,-2.9
538,13241,6,-1.5,-1.4
539,13242,6,-1.375,-0.7
540,13242,7,-2.8,-2.8
541,13252,6,0.85,1.4
542,13252,7,2.4,2.4
543,13253,6,0.125,1.0
544,13253,7,0.5,0.5
545,13254,6,-1.1,-0.7
546,13254,7,-1.8,-1.8
547,13257,6,-1.375,-0.7
548,13257,7,-0.6,-0.6
549,13258,6,-3.05,-1.7
550,13258,7,-2.4,-2.4
551,13259,5,-1.675,-1.0
552,13259,6,-3.1,-3.1
553,13263,6,-1.86666666667,-1.3
554,13265,6,-1.8,-1.1
555,13265,7,-2.6,-2.6
556,13268,7,-1.02,0.3
557,13268,8,-3.9,-3.9
558,13276,6,-1.23333333333,0.4
559,13276,7,0.7,0.7
560,13277,6,2.22222222222,4.0
561,13277,7,5.0,5.0
562,13282,5,-1.42857142857,-1.1
563,13282,6,-3.2,-3.2
564,13288,6,0.3,1.4
565,13288,7,0.1,0.1
566,13289,6,-1.26666666667,-1.1
567,13295,5,-1.1,-1.1
568,13295,6,-1.7,-1.7
569,13296,6,0.84,1.1
570,13296,7,-1.0,-1.0
571,13298,7,-0.3,0.7
572,13298,8,0.3,0.3
573,13300,7,-0.325,0.8
574,13300,8,-2.2,-2.2
575,13304,7,-2.025,-1.2
576,13304,8,-2.9,-2.9
577,13305,7,-0.725,0.5
578,13305,8,-2.7,-2.7
579,13309,6,-2.46,-2.0
580,13311,6,-2.4,-2.4
581,13312,6,-1.7,-1.5
582,13313,6,-1.0,-0.2
583,13316,6,-2.0,-1.9
584,13325,7,-2.225,-1.6
585,13325,8,-2.9,-2.9
586,13326,6,-3.28,-2.8
587,13326,7,-4.8,-4.8
588,13327,6,-2.7,-2.7
589,13338,7,-1.825,-1.5
590,13338,8,-2.3,-2.3
591,13340,6,-1.525,-0.1
592,13340,7,-1.9,-1.9
593,13349,6,-0.74,-0.2
594,13349,7,-1.55,-1.2
595,13351,6,-2.2625,-1.0
596,13351,7,-1.5,-1.5
597,13354,6,-2.54,-1.8
598,13354,7,-1.6,-1.6
599,13355,6,-0.7,-0.7
600,13355,7,-2.3,-2.3
601,13356,6,-0.666666666667,-0.1
602,13356,7,-1.0,-1.0
603,13373,7,-1.475,-0.2
604,13373,8,-1.4,-1.4
605,13375,7,-0.32,0.6
606,13380,6,-2.62,-1.4
607,13388,7,-1.5,-0.8
608,13388,8,-2.5,-2.5
609,13389,6,-1.14,-0.2
610,13389,7,-1.4,-1.4
611,13390,6,-0.775,-0.4
612,13390,7,-0.7,-0.7
613,13391,6,0.44,1.2
614,13391,7,-0.4,-0.4
615,13392,6,1.45714285714,1.9
616,13392,7,3.8,3.8
617,13396,5,-0.95,-0.2
618,13396,6,-2.4,-2.0
619,13408,6,-1.85,-1.1
620,13408,7,-2.5,-2.5
621,13434,7,-1.45,-1.0
622,13434,8,-1.0,-1.0
623,13451,6,-0.4,0.3
624,13451,7,-1.4,-1.4
625,13453,7,-3.4,-1.9
626,13453,8,-4.4,-4.4
627,13462,6,0.05,0.4
628,13462,7,-0.9,-0.9
629,13464,7,-0.6,-0.6
630,13466,7,-2.3,-2.3
631,13472,6,-0.733333333333,-0.1
632,13483,7,-0.7,-0.7
633,13488,7,1.36,4.0
634,13488,8,3.2,3.2
635,13489,6,-2.275,1.2
636,13489,7,-0.8,-0.8
637,13490,7,0.1,0.1
638,13492,7,-2.8,-2.8
639,13495,6,1.92,2.2
640,13495,7,-0.1,-0.1
641,13497,6,-0.325,0.4
642,13497,7,-1.5,-1.5
643,13501,7,-1.35,-0.3
644,13501,8,-3.3,-3.3
645,13504,6,3.03333333333,6.5
646,13504,7,1.1,1.1
647,13505,6,-0.188888888889,0.6
648,13505,7,0.5,0.5
649,13511,7,-3.5,-3.5
650,13512,7,-3.5,-3.5
651,13514,6,4.0,4.8
652,13519,5,-0.1,-0.1
653,13526,5,0.2,0.2
654,13529,6,-0.566666666667,0.2
655,13539,6,-0.2,0.5
656,13539,7,-1.3,-1.3
657,13541,6,-0.966666666667,-0.9
658,13541,7,-1.4,-1.4
659,13542,5,2.3,2.3
660,13546,6,0.333333333333,0.6
661,13568,6,-0.075,0.2
662,13568,7,-0.6,-0.6
663,13569,5,-1.57142857143,-0.9
664,13569,6,-2.65,-2.5
665,13572,6,-3.54,-2.9
666,13572,7,-4.0,-4.0
667,13575,6,-1.975,-0.6
668,13575,7,-2.0,-2.0
669,13576,6,-2.34,-1.8
670,13576,7,-2.4,-2.4
671,13577,7,-0.7,-0.7
672,13578,7,0.8,0.8
673,13580,6,-1.13333333333,0.0
674,13580,7,-2.5,-2.5
675,13583,7,-0.05,0.9
676,13583,8,-1.3,-1.3
677,13588,6,-1.23333333333,-0.5
678,13589,6,-0.9,-0.5
679,13595,6,-2.08,-1.7
680,13595,7,-2.1,-2.1
681,13596,6,-2.76666666667,-2.1
682,13596,7,-2.1,-2.1
683,13597,5,-2.08333333333,-1.2
684,13597,6,-3.1,-3.1
685,13598,6,-2.32,-1.5
686,13600,6,-0.433333333333,0.9
687,13600,7,-1.5,-1.5
688,13601,6,2.52,4.1
689,13601,7,4.5,4.5
690,13616,5,-0.76,0.7
691,13616,6,-2.0,-2.0
692,13619,5,-2.12222222222,-1.2
693,13619,6,-2.5,-2.5
694,13620,5,-3.01428571429,-2.5
695,13620,6,-3.7,-3.7
696,13718,5,1.3,2.4
697,13718,6,1.5,1.5
698,13719,5,-0.8,-0.1
699,13719,6,-0.6,-0.6
700,13722,5,-1.52,-0.6
701,13722,6,-2.3,-2.3
702,13724,5,-1.18,-0.2
703,13725,5,-0.22,0.4
704,13725,6,-0.4,-0.4
705,13726,5,1.22,2.7
706,13726,6,1.6,1.6
707,13727,5,1.06,2.4
708,13727,6,1.4,1.4
709,13728,5,0.2,0.5
710,13728,6,0.1,0.1
711,13729,5,-1.76,-1.3
712,13731,5,-1.1,0.0
713,13731,6,-1.7,-1.7
714,13732,5,2.04,2.8
715,13732,6,2.1,2.1
716,13733,5,3.475,6.0
717,13733,6,2.7,2.7
718,13734,5,-0.7,0.0
719,13735,5,0.68,1.5
720,13735,6,0.4,0.4
721,13737,5,0.84,1.9
722,13737,6,0.6,0.6
723,13739,5,0.42,1.4
724,13739,6,-0.7,-0.7
725,13754,5,-0.666666666667,-0.2
726,13777,5,-0.12,0.8
727,13780,5,-0.96,-0.2
728,13780,6,-1.5,-1.5
729,13846,5,2.45,3.6
730,13850,5,0.84,1.5
731,13850,6,0.4,0.4
732,13915,5,-0.2,-0.2
733,13915,6,-1.1,-1.1
734,13917,5,-0.8,-0.8
735,13917,6,-0.4,-0.4
736,13919,5,1.3,1.3
737,13919,6,0.4,0.4
738,13923,5,-1.7,-1.7
739,13926,5,2.6,2.6
740,13926,6,0.3,0.3
741,13931,5,0.783333333333,1.5
742,13931,6,-3.6,-1.0
743,13935,5,-1.75714285714,-0.8
744,13936,5,0.2,0.8
745,13936,6,-2.9,-2.9
746,13938,5,-1.2,-0.6
747,13939,5,0.6,1.2
748,14075,5,0.6,1.2
749,14075,6,-0.9,-0.9
750,14076,5,-1.46666666667,-0.9
751,14076,6,-2.95,-2.5
752,14079,5,-1.33333333333,-0.5
753,14079,6,-3.8,-3.7
754,14092,5,-0.26,0.6
755,14092,6,-0.4,-0.4
756,14093,5,-1.4,-0.7
757,14094,5,1.62,2.9
758,14094,6,0.7,0.7
759,14096,5,0.88,2.2
760,14096,6,-0.2,-0.2
761,14101,5,-1.4,-0.3
762,14101,6,-1.4,-1.4
763,14102,5,1.8,3.7
764,14102,6,0.6,0.6
765,14103,5,-1.1,0.0
766,14103,6,-1.7,-1.7
767,14106,5,-1.04,-0.6
768,14106,6,-2.0,-2.0
769,14108,5,-1.23333333333,0.0
770,14108,6,-1.4,-1.4
771,14109,5,-2.03333333333,-0.9
772,14109,6,-3.45,-3.4
773,14116,5,-1.3,0.4
774,14116,6,-2.3,-2.3
775,14117,5,-0.366666666667,0.9
776,14117,6,-2.15,-1.8
777,14119,5,-2.23333333333,-1.0
778,14119,6,-2.9,-2.6
779,14120,5,-2.37142857143,-1.5
780,14120,6,-3.75,-3.4
781,14121,5,-0.214285714286,1.1
782,14121,6,-2.8,-2.8
783,14122,5,-0.76,0.8
784,14122,6,-0.9,-0.8
785,14125,5,-0.433333333333,0.2
786,14125,6,-1.4,-0.9
787,14128,5,-0.8,-0.1
788,14128,6,-2.0,-2.0
789,14129,5,-1.03333333333,-0.2
790,14129,6,-2.0,-2.0
791,14130,5,-0.966666666667,-0.5
792,14130,6,-1.7,-0.9
793,14131,5,-1.9,-1.5
794,14131,6,-3.2,-2.9
795,14132,5,-2.0,-0.9
796,14134,6,-1.66666666667,-0.7
797,14134,7,-0.9,-0.9
798,14137,5,0.25,0.9
799,14137,6,0.4,0.4
800,14139,6,-1.21666666667,0.3
801,14139,7,-1.3,-1.3
802,14141,5,-1.65,-0.6
803,14141,6,-2.5,-2.5
804,14142,6,-2.15,-0.8
805,14142,7,-3.2,-3.2
806,14146,6,-2.9,0.0
807,14146,7,-3.3,-3.3
808,14149,6,-2.9,-2.0
809,14149,7,-2.1,-2.1
810,14150,6,-2.325,-1.5
811,14150,7,-3.4,-3.4
812,14160,6,0.65,1.6
813,14160,7,0.4,0.4
814,14161,6,0.58,1.5
815,14161,7,-0.1,-0.1
816,14162,6,-0.42,1.3
817,14162,7,-1.8,-1.8
818,14164,6,-3.7875,-3.2
819,14165,6,-0.8,0.5
820,14165,7,0.1,0.1
821,14166,6,-1.41666666667,-0.1
822,14166,7,-2.9,-2.9
823,14169,6,2.175,2.6
824,14169,7,5.9,5.9
825,14173,5,-0.5,-0.5
826,14173,6,-1.7,-1.7
827,14177,5,-0.3,-0.3
828,14177,6,-0.9,-0.9
829,14180,5,0.15,0.2
830,14183,5,0.2,0.2
831,14183,6,1.1,1.1
832,14190,6,-0.916666666667,-0.1
833,14190,7,-4.1,-4.1
834,14191,5,-1.5,0.0
835,14191,6,-2.15,-2.0
836,14192,5,1.1,1.1
837,14192,6,3.9,3.9
838,14193,6,-1.8,-1.8
839,14194,5,-0.7,-0.7
840,14194,6,0.0,0.0
841,14195,5,-0.416666666667,0.4
842,14195,6,-1.35,-0.9
843,14197,5,-0.7,1.1
844,14199,5,-0.6,-0.6
845,14199,6,-1.9,-1.9
846,14202,5,-1.5,-1.5
847,14202,6,-1.0,-1.0
848,14203,5,0.7,0.7
849,14203,6,-0.1,-0.1
850,14205,5,-0.5,-0.5
851,14205,6,-1.1,-1.1
852,14207,5,0.1,0.1
853,14207,6,-0.5,-0.5
854,14208,5,0.9,0.9
855,14208,6,0.1,0.1
856,14212,5,-0.816666666667,0.0
857,14212,6,-0.9,-0.8
858,14217,5,0.266666666667,0.6
859,14219,5,-1.5,-0.9
860,14224,5,-0.65,0.8
861,14224,6,-1.45,-1.2
862,14230,5,1.33333333333,2.2
863,14235,6,-1.66666666667,-0.9
864,14236,5,-1.475,-0.5
865,14251,5,-0.733333333333,-0.3
866,14254,5,-0.766666666667,0.6
867,14257,5,-1.66666666667,-1.4
868,14258,5,-0.833333333333,-0.2
869,14260,5,2.06666666667,3.0
870,14261,5,4.53333333333,5.5
871,14262,5,-0.1,0.5
872,14265,5,-0.0333333333333,0.9
873,14266,5,-1.9,-0.5
874,14267,5,-1.45,-1.2
875,14268,5,0.1,0.7
876,14269,7,0.3,0.3
877,14285,5,-2.9,-2.7
878,14299,5,-0.4,0.1
879,14301,5,-0.7,-0.3
880,14307,5,-0.566666666667,-0.2
881,14308,5,-2.06666666667,-1.8
882,14310,5,-0.833333333333,0.5
883,14317,5,-1.42,-1.0
884,14322,6,-2.96666666667,-2.4
885,14343,5,7.9,8.0
886,14350,5,0.666666666667,1.4
887,14359,5,1.3,1.5
888,14362,5,0.4,1.1
889,14376,5,0.52,1.5
890,14376,6,0.1,0.1
891,14383,5,0.76,1.4
892,14383,6,1.0,1.0
893,14396,5,-0.175,0.5
894,14396,6,-1.1,-1.1
895,14407,6,0.44,2.0
896,14407,7,-1.5,-1.5
897,14409,5,-1.83333333333,-1.1
898,14412,5,0.7,0.7
899,14412,6,0.5,0.5
900,14413,5,1.825,3.4
901,14413,6,1.6,1.6
902,14418,5,-0.1,0.1
903,14422,5,-1.45,-0.8
904,14422,6,-2.0,-2.0
905,14423,5,-0.1,0.4
906,14425,5,-1.03333333333,-0.9
907,14426,5,0.5,0.5
908,14426,6,-0.3,-0.3
909,14427,5,-2.76666666667,-2.5
910,14428,5,-1.23333333333,-0.4
911,14428,6,-2.0,-2.0
912,14431,5,-0.633333333333,-0.2
913,14432,5,-0.7,0.0
914,14436,5,0.0,0.6
915,14455,5,-0.5,0.1
916,14458,5,-1.03333333333,-0.2
917,14465,6,-0.366666666667,0.0
918,14470,6,-2.2,-1.5
919,14475,5,2.06666666667,3.2
920,14478,5,-3.08333333333,-2.7
921,14479,6,-3.83,-2.9
922,14482,5,-0.55,0.6
923,14482,6,-1.8,-1.8
924,14483,5,0.15,0.4
925,14483,6,-0.3,-0.3
926,14489,5,-1.18333333333,-0.5
927,14489,6,-1.6,-1.6
928,14497,5,-1.62,-1.0
929,14500,5,-1.5,-1.5
930,14500,6,-0.8,-0.8
931,14501,5,1.46,2.5
932,14501,6,1.1,1.1
933,14503,5,1.4,1.4
934,14503,6,2.5,2.5
935,14506,5,-2.6,-2.4
936,14507,5,-2.25,-1.6
937,14508,6,-3.7,-3.7
938,14509,5,-1.2,-1.2
939,14509,6,-1.6,-1.6
940,14510,5,-1.8,-1.8
941,14510,6,-1.9,-1.9
942,14511,5,-2.7,-2.4
943,14511,6,-4.0,-4.0
944,14513,5,-0.2,-0.2
945,14513,6,-1.1,-1.1
946,14514,5,-1.34,-0.1
947,14515,5,2.3,2.3
948,14515,6,0.5,0.5
949,14521,5,-0.3,-0.3
950,14521,6,0.0,0.0
951,14532,5,3.1,3.1
952,14532,6,4.6,4.6
953,14534,5,1.125,2.9
954,14534,6,1.7,1.7
955,14537,5,1.9,1.9
956,14537,6,1.5,1.5
957,14540,5,0.8,0.8
958,14540,6,0.1,0.1
959,14545,5,1.25,3.0
960,14545,6,2.0,2.0
961,14546,5,0.7,0.7
962,14546,6,-0.1,-0.1
963,14547,5,-1.275,-0.5
964,14547,6,-2.2,-2.2
965,14548,5,0.4,0.4
966,14548,6,0.3,0.3
967,14549,5,-0.05,1.1
968,14549,6,-0.9,-0.9
969,14555,5,0.8,1.7
970,14555,6,1.5,1.5
971,14556,5,-0.25,0.8
972,14556,6,-0.8,-0.8
973,14557,5,1.475,1.7
974,14557,6,0.8,0.8
975,14558,5,-1.65,-0.9
976,14558,6,-2.9,-2.9
977,14560,5,-3.4,-3.0
978,14560,6,-3.7,-3.7
979,14561,5,-1.15,-0.1
980,14561,6,-1.5,-1.5
981,14562,5,-1.1,-0.3
982,14562,6,-0.6,-0.6
983,14563,5,-0.6,0.9
984,14563,6,-0.3,-0.3
985,14564,5,-0.4,-0.3
986,14564,6,-1.4,-1.4
987,14565,5,0.3,0.6
988,14565,6,0.1,0.1
989,14566,5,-0.3,0.3
990,14566,6,0.0,0.0
991,14567,5,2.5,3.7
992,14567,6,2.6,2.6
993,14568,5,1.475,2.1
994,14568,6,1.9,1.9
995,14569,5,-1.35,-0.7
996,14569,6,-1.9,-1.9
997,14570,5,-0.766666666667,-0.7
998,14571,6,-3.6,-3.6
999,14572,6,-1.46666666667,-1.1
1000,14573,5,0.3,0.5
1001,14574,6,-1.45,-1.4
1002,14575,5,-0.825,0.1
1003,14575,6,-1.2,-1.2
1004,14576,5,0.25,1.1
1005,14576,6,-0.1,-0.1
1006,14577,5,-0.675,0.3
1007,14577,6,-0.8,-0.8
1008,14578,5,0.55,1.3
1009,14578,6,0.8,0.8
1010,14579,5,-1.1,-1.1
1011,14579,6,-1.7,-1.7
1012,14580,5,0.0,1.0
1013,14580,6,-0.3,-0.3
1014,14581,5,-0.48,0.2
1015,14581,6,-0.3,-0.3
1016,14582,5,-0.1,0.6
1017,14582,6,-0.2,-0.2
1018,14583,5,-1.525,-1.3
1019,14583,6,-1.3,-1.3
1020,14584,5,1.3,2.2
1021,14584,6,0.3,0.3
1022,14585,7,-3.6,-3.6
1023,14586,5,0.725,2.3
1024,14586,6,1.7,1.7
1025,14588,5,-1.73333333333,-0.7
1026,14589,6,-1.7,-1.5
1027,14593,5,0.5,0.9
1028,14594,6,0.766666666667,1.8
1029,14595,6,-2.95,-2.9
1030,14596,5,-0.333333333333,0.1
1031,14597,6,-3.3,-2.6
1032,14598,6,0.833333333333,1.3
1033,14599,5,0.166666666667,0.6
1034,14600,5,-0.8,-0.5
1035,14601,5,-0.5,0.6
1036,14602,5,-0.4,-0.4
1037,14602,6,-1.2,-1.2
1038,14605,5,-1.3,-1.1
1039,14606,5,2.7,2.7
1040,14606,6,1.1,1.1
1041,14607,5,-0.5,-0.5
1042,14607,6,-0.5,-0.5
1043,14608,5,-0.4,-0.4
1044,14608,6,-0.9,-0.9
1045,14610,7,-2.4,-2.4
1046,14612,5,2.2,2.2
1047,14612,6,0.0,0.0
1048,14613,5,2.7,2.7
1049,14613,6,2.0,2.0
1050,14615,5,0.6,0.6
1051,14615,6,-0.7,-0.7
1052,14616,5,-0.1,-0.1
1053,14616,6,-1.7,-1.7
1054,14617,5,2.0,2.0
1055,14617,6,1.9,1.9
1056,14620,5,-0.5,-0.5
1057,14620,6,-1.7,-1.7
1058,14621,5,-0.6,0.4
1059,14621,6,0.2,0.2
1060,14623,5,0.2,0.2
1061,14623,6,-0.2,-0.2
1062,14624,5,0.1,0.1
1063,14624,6,-1.6,-1.6
1064,14626,5,-1.1,-1.1
1065,14626,6,-0.6,-0.6
1066,14628,5,1.5,1.5
1067,14628,6,0.7,0.7
1068,14630,5,3.45,6.1
1069,14630,6,1.1,1.1
1070,14631,5,-0.5,-0.5
1071,14631,6,-1.4,-1.4
1072,14632,5,-0.3,-0.3
1073,14632,6,-1.4,-1.4
1074,14633,5,-0.1,-0.1
1075,14633,6,-1.3,-1.3
1076,14634,5,-2.0,-2.0
1077,14634,6,-2.6,-2.6
1078,14635,5,0.2,0.2
1079,14635,6,0.5,0.5
1080,14636,5,-0.75,-0.6
1081,14638,6,-2.9,-2.9
1082,14640,5,1.675,1.9
1083,14640,6,4.6,4.6
1084,14643,5,-0.45,0.2
1085,14643,6,-0.7,-0.7
1086,14644,5,-1.02,0.1
1087,14649,5,-0.725,-0.4
1088,14649,6,-1.7,-1.7
1089,14651,5,0.6,0.6
1090,14651,6,-0.9,-0.9
1091,14652,5,-3.225,-2.4
1092,14652,6,-4.2,-4.2
1093,14653,5,1.05,1.8
1094,14653,6,0.6,0.6
1095,14654,5,0.883333333333,1.4
1096,14654,6,0.1,0.2
1097,14655,5,-1.4,-1.1
1098,14655,6,-1.3,-1.3
1099,14656,5,-0.35,0.1
1100,14656,6,-1.8,-1.8
1101,14657,5,-1.3,-1.0
1102,14657,6,-1.3,-1.3
1103,14658,5,0.54,1.2
1104,14658,6,0.8,0.8
1105,14659,5,-2.15,-1.8
1106,14659,6,-3.3,-3.3
1107,14660,5,-0.766666666667,0.4
1108,14660,6,-0.6,-0.6
1109,14661,5,-1.35,-0.4
1110,14661,6,-1.5,-1.4
1111,14662,5,-0.48,-0.2
1112,14662,6,-0.7,-0.7
1113,14663,5,-2.125,-1.3
1114,14663,6,-2.8,-2.8
1115,14664,5,-1.4,-0.9
1116,14664,6,-1.0,-1.0
1117,14665,5,-0.2,0.9
1118,14665,6,-0.8,-0.8
1119,14668,5,-2.16,-1.8
1120,14669,5,-1.58,-0.6
1121,14669,6,-2.6,-2.6
1122,14671,5,-0.533333333333,1.1
1123,14671,6,-1.8,-1.8
1124,14673,5,0.94,2.3
1125,14673,6,-0.2,-0.2
1126,14675,5,-0.35,1.4
1127,14675,6,-0.4,-0.4
1128,14676,5,-1.9,-1.4
1129,14677,5,0.66,1.5
1130,14677,6,1.1,1.1
1131,14678,5,0.42,1.3
1132,14678,6,1.0,1.0
1133,14679,5,0.86,2.0
1134,14679,6,0.2,0.2
1135,14680,5,-1.2,-0.1
1136,14680,6,-1.1,-1.1
1137,14681,5,-2.08,-1.6
1138,14681,6,-1.7,-1.7
1139,14682,5,0.88,1.8
1140,14682,6,1.3,1.3
1141,14685,5,-1.53333333333,-1.0
1142,14689,5,-0.2,0.8
1143,14689,6,-0.3,-0.3
1144,14690,5,-0.04,0.8
1145,14690,6,-1.0,-1.0
1146,14692,5,-1.8,-1.6
1147,14693,5,0.7,0.7
1148,14693,6,-0.9,-0.9
1149,14694,5,2.4,2.4
1150,14694,6,0.4,0.4
1151,14698,5,5.4,5.4
1152,14698,6,1.3,1.3
1153,14701,5,-0.775,-0.2
1154,14701,6,-0.2,-0.2
1155,14702,5,-2.2,-1.8
1156,14702,6,-2.6,-2.6
1157,14705,5,-0.26,0.6
1158,14705,6,-0.4,-0.4
1159,14710,5,-2.25,-1.9
1160,14710,6,-3.4,-3.4
1161,14714,5,-2.17142857143,-1.4
1162,14725,5,-0.866666666667,0.2
1163,14735,5,-2.26666666667,-1.1
1164,14735,6,-1.45,-0.9
1165,14737,5,-1.0,-0.6
1166,14737,6,-2.5,-2.5
1167,14738,5,-1.54,-0.3
1168,14738,6,-3.7,-3.7
1169,14748,5,-0.983333333333,0.6
1170,14748,6,-2.8,-2.8
1171,14749,5,-2.22,-1.9
1172,14750,5,-3.57142857143,-3.3
1173,14750,6,-5.0,-5.0
1174,14757,6,0.84,2.0
1175,14757,7,-0.7,-0.7
1176,14758,6,0.02,0.6
1177,14758,7,-1.3,-1.3
1178,14760,6,-1.1,-0.3
1179,14760,7,-2.5,-2.5
1180,14761,6,-1.56,-0.5
1181,14761,7,-2.8,-2.8
1182,14762,6,-0.58,0.2
1183,14763,6,-0.98,0.1
1184,14763,7,-1.7,-1.7
1185,14764,5,0.4,0.4
1186,14764,6,-0.3,-0.3
1187,14766,5,-1.63333333333,-0.7
1188,14767,5,-0.466666666667,0.5
1189,14768,5,-2.05,-1.9
1190,14776,7,-1.9,-1.9
1191,14787,6,-1.9,-1.9
1192,14794,5,-3.08571428571,-2.3
1193,14806,7,-1.9,-1.9
1194,14811,7,-4.5,-4.5
1195,14812,7,0.3,0.3
1196,14813,7,-1.2,-1.2
1197,14815,5,3.2,3.2
1198,14815,6,2.3,2.3
1199,14818,5,-0.85,-0.3
1200,14818,6,-0.9,-0.9
1201,14819,5,1.1,1.9
1202,14819,6,0.6,0.6
1203,14827,5,-1.2,-0.5
1204,14828,5,-0.983333333333,0.1
1205,14828,6,-3.4,-2.0
1206,14830,5,-0.1,0.6
1207,14830,6,-0.6,-0.6
1208,14831,5,0.0,0.7
1209,14831,6,0.7,0.7
1210,14832,5,0.45,1.8
1211,14832,6,-0.2,-0.2
1212,14835,6,1.68,2.6
1213,14835,7,1.3,1.3
1214,14838,5,-1.4,-1.0
1215,14840,7,-1.7,-1.7
1216,14845,7,-3.8,-3.8
1217,14855,5,-0.333333333333,0.1
1218,14855,6,-1.7,-1.7
1219,14857,5,-1.66,-1.2
1220,14857,6,-1.8,-1.8
1221,14858,5,-2.0,-1.1
1222,14858,6,-2.9,-2.9
1223,14859,5,2.525,3.4
1224,14859,6,0.5,0.5
1225,14870,5,-2.36666666667,-2.0
1226,14872,5,-0.283333333333,0.8
1227,14872,6,-1.3,-1.3
1228,14874,5,-3.6,-3.1
1229,14874,6,-4.55,-4.4
1230,14876,5,-0.366666666667,0.5
1231,14880,5,-1.04,-0.2
1232,14880,6,-1.2,-1.2
1233,14881,5,-0.85,-0.3
1234,14881,6,-0.5,-0.5
1235,14882,5,0.283333333333,0.9
1236,14882,6,-1.0,-0.8
1237,14893,7,-2.3,-2.3
1238,14902,5,0.4,0.4
1239,14902,6,0.4,0.4
1240,14903,5,-0.733333333333,0.6
1241,14910,5,3.2,3.2
1242,14910,6,2.0,2.0
1243,14911,5,2.0,2.0
1244,14911,6,-1.2,-1.2
1245,14912,5,-0.4,-0.4
1246,14912,6,-1.1,-1.1
1247,14915,5,1.0,1.0
1248,14915,6,0.4,0.4
1249,14916,6,-1.35,-0.4
1250,14916,7,-3.6,-3.6
1251,14918,6,-1.52,0.1
1252,14918,7,-1.7,-1.7
1253,14919,6,-2.66,-2.2
1254,14919,7,-3.0,-3.0
1255,14920,5,0.32,1.2
1256,14920,6,-0.4,-0.4
1257,14923,7,-3.6,-3.6
1258,14940,6,-0.42,0.2
1259,14940,7,-1.4,-1.4
1260,14942,5,-1.45,-1.1
1261,14943,5,-1.5,-0.8
1262,14945,5,-0.925,-0.2
1263,14945,6,-0.8,-0.8
1264,14946,5,-0.45,-0.1
1265,14946,6,-0.9,-0.9
1266,14949,5,0.733333333333,1.4
1267,14949,6,-1.3,-0.5
1268,14950,5,-2.55,-2.3
1269,14951,5,-1.3,0.2
1270,14951,6,-0.7,-0.7
1271,14952,5,-2.0,-1.6
1272,14953,5,1.2,1.2
1273,14953,6,0.1,0.1
1274,14954,5,1.6,2.1
1275,14954,6,3.2,3.2
1276,14955,5,0.9,1.9
1277,14955,6,1.9,1.9
1278,14959,5,-2.6,-2.4
1279,14959,6,-2.9,-2.9
1280,14960,5,-0.375,0.1
1281,14960,6,-0.8,-0.8
1282,14961,5,-2.8,-2.5
1283,14961,6,-4.0,-4.0
1284,14962,5,-0.88,0.7
1285,14962,6,-0.6,-0.6
1286,14963,5,-3.0,-2.5
1287,14963,6,-2.9,-2.9
1288,14964,5,-0.225,0.4
1289,14964,6,0.1,0.1
1290,14965,5,-1.0,0.6
1291,14965,6,-2.5,-2.5
1292,14978,6,-1.36666666667,-0.3
1293,14981,6,-0.4,-0.1
1294,14981,7,-0.6,-0.6
1295,14982,6,-0.2,0.6
1296,14982,7,-1.6,-1.6
1297,14983,6,-2.46,-1.3
1298,14983,7,-3.0,-3.0
1299,14984,6,-3.8,-3.6
1300,14984,7,-4.5,-4.5
1301,14985,6,-0.76,0.2
1302,14985,7,-1.6,-1.6
1303,14986,7,-2.275,-1.8
1304,14986,8,-2.5,-2.5
1305,14987,7,-0.933333333333,-0.7
1306,14987,8,-1.7,-1.7
1307,14989,5,-0.833333333333,0.0
1308,14989,6,-1.3,-1.3
1309,14990,5,-2.52,-2.0
1310,14990,6,-3.9,-3.9
1311,14991,5,-1.86666666667,-0.9
1312,14991,6,-2.4,-2.4
1313,14993,7,-0.933333333333,-0.7
1314,15000,5,-1.46666666667,-0.9
1315,15001,5,-2.76666666667,-2.2
1316,15001,6,-3.7,-3.7
1317,15002,5,-2.55,-1.6
1318,15002,6,-2.9,-2.9
1319,15010,5,-0.02,0.4
1320,15010,6,-0.8,-0.8
1321,15011,6,3.22,5.4
1322,15011,7,5.9,5.9
1323,15015,5,1.3,1.3
1324,15015,6,-0.3,-0.3
1325,15016,5,0.2,0.2
1326,15016,6,0.0,0.0
1327,15018,6,-2.83333333333,-2.2
1328,15019,7,-3.4,-3.4
1329,15022,5,0.133333333333,0.9
1330,15027,7,-1.5,-0.8
1331,15027,8,-2.9,-2.9
1332,15030,6,-0.26,1.2
1333,15030,7,-1.4,-1.4
1334,15031,6,1.16,2.3
1335,15031,7,1.4,1.4
1336,15032,6,-1.1,0.0
1337,15032,7,-1.4,-1.4
1338,15034,5,-2.63333333333,-2.5
1339,15034,6,-3.4,-3.4
1340,15037,5,-1.03333333333,-0.8
1341,15039,5,-0.633333333333,-0.5
1342,15042,6,-1.16666666667,-0.5
1343,15042,7,0.3,0.3
1344,15060,5,-2.35,-2.2
1345,15067,6,-2.1,-1.6
1346,15073,7,-1.6,-0.8
1347,15075,5,-2.1,-1.9
1348,15075,6,-1.85,-1.6
1349,15082,5,-1.75,0.1
1350,15083,5,0.233333333333,0.9
1351,15084,5,-0.02,0.4
1352,15087,7,-3.3,-3.3
1353,15089,6,-3.43333333333,-3.0
1354,15092,6,0.48,1.6
1355,15092,7,-0.9,-0.9
1356,15094,5,0.5,0.5
1357,15094,6,0.1,0.1
1358,15098,6,2.2,3.2
1359,15102,7,0.1,0.1
1360,15109,7,-3.0,-3.0
1361,15135,5,-2.7,-2.7
1362,15135,6,-3.1,-3.1
1363,15136,6,0.4,1.7
1364,15142,6,-2.0,-2.0
1365,15145,5,-2.46666666667,-1.9
1366,15149,5,2.575,3.5
1367,15149,6,0.6,0.6
1368,15159,6,-3.75,-3.5
1369,15160,6,-2.1,-2.1
1370,15161,6,-1.9,-1.8
1371,15162,6,-1.66666666667,-1.2
1372,15172,7,2.42,5.7
1373,15172,8,0.6,0.6
1374,15176,5,-0.333333333333,0.3
1375,15179,6,-1.65,-1.2
1376,15180,6,-1.1,-0.3
1377,15183,6,-3.9,-3.6
1378,15184,7,4.64,6.0
1379,15184,8,4.8,4.8
1380,15192,5,-1.5,-1.1
1381,15216,5,1.525,3.0
1382,15216,6,3.2,3.2
1383,15226,6,0.45,1.1
1384,15233,5,-1.92857142857,-0.9
1385,15236,5,1.3,1.8
1386,15236,6,-0.1,-0.1
1387,15241,5,0.55,0.7
1388,15241,6,0.4,0.4
1389,15273,5,-0.4,-0.4
1390,15275,5,-2.8,-2.8
1391,15276,5,0.6,0.6
1392,15277,5,2.2,2.2
1393,15278,5,-3.0,-3.0
1394,15279,5,-0.7,-0.7
1395,15280,5,-3.4,-3.4
1396,15281,5,-2.9,-2.9
1397,15282,5,1.0,1.0
1398,15285,5,1.2,1.2
1399,15286,5,-3.0,-3.0
1400,15288,5,-1.6,-1.6
1401,15292,5,-0.9,-0.9
1402,15297,5,-2.2,-2.2
1403,15303,5,-2.2,-2.2
1404,15304,5,-0.7,-0.7
1405,15305,5,-1.8,-1.8
1406,15306,5,-1.6,-1.6
1407,15307,5,-0.4,-0.4
1408,15309,6,-0.1,-0.1
1409,15311,5,-1.6,-1.6
1410,15312,5,-2.6,-2.6
1411,15313,5,2.9,2.9
1412,15314,5,-0.1,-0.1
1413,15315,5,0.5,0.5
1414,15316,5,-1.1,-1.1
1415,15318,5,-2.2,-2.2
1416,15319,5,-3.6,-3.6
1417,15321,5,-0.5,-0.5
1418,15322,5,-2.5,-2.5
1419,15324,5,-1.0,-1.0
1420,15327,5,-3.3,-3.3
1421,15330,5,-2.8,-2.8
1422,15331,5,-2.0,-2.0
1423,15332,5,-0.4,-0.4
1424,15333,5,0.1,0.1
1425,15335,6,-1.5,-1.5
1426,15336,5,0.1,0.1
1427,15337,5,-2.4,-2.4
1428,15338,5,0.3,1.0
1429,15339,5,-0.7,-0.7
1430,15340,5,-3.5,-3.5
1431,15342,5,-2.7,-2.7
1432,15343,5,-2.5,-2.5
1433,15344,5,-0.5,-0.5
1434,15345,5,0.7,0.7
1435,15346,5,1.0,1.0
1436,15347,5,2.0,2.0
1437,15348,5,-3.8,-3.8
1438,15349,5,3.0,3.0
1439,15350,5,-2.6,-2.6
1440,15352,5,-1.4,-1.4
1441,15353,5,-0.8,-0.8
1442,15354,5,-2.7,-2.7
1443,15355,5,-2.6,-2.6
1444,15357,5,-2.8,-2.8
1445,15358,5,-1.9,-1.9
1446,15359,5,-1.1,-1.1
1447,15360,5,-2.1,-2.1
1448,15361,5,-3.0,-3.0
1449,15362,5,-0.6,-0.6
1450,15363,5,-1.3,-1.3
1451,15364,5,-0.8,-0.8
1452,15365,5,-2.3,-2.3
1453,15367,5,-1.8,-1.8
1454,15368,5,2.9,2.9
1455,15369,5,2.8,2.8
1456,15371,5,-0.9,-0.9
1457,15373,5,-1.3,-1.3
1458,15374,5,-1.5,-1.5
1459,15376,5,0.6,0.6
1460,15378,5,0.7,0.7
1461,15380,5,-2.1,-2.1
1462,15381,5,-2.8,-2.8
1463,15383,5,-1.1,-1.1
1464,15385,5,0.3,0.3
1465,15386,5,-3.2,-3.2
1466,15388,5,-3.0,-3.0
1467,15389,5,-3.4,-3.4
1468,15390,5,-0.4,-0.4
1469,15393,5,-1.8,-1.8
1470,15394,5,-1.9,-1.9
1471,15395,5,-0.3,-0.3
1472,15396,5,0.1,0.1
1473,15397,5,-1.1,-1.1
1474,15398,5,-0.2,-0.2
1475,15399,5,-2.7,-2.7
1476,15400,5,-1.9,-1.9
1477,15401,5,-1.2,-1.2
1478,15402,5,-1.8,-1.8
1479,15403,5,-3.2,-3.2
1480,15404,5,0.0,0.0
1481,15405,5,-2.7,-2.7
1482,15419,5,-2.1,-2.1
1483,15423,5,2.0,2.0
1484,15425,5,-2.6,-2.6
1485,15427,5,-2.6,-2.6
1486,15429,5,-0.9,-0.3
1487,15432,5,-2.6,-2.6
1488,15434,5,0.8,0.8
1489,15436,5,0.2,0.2
1490,15438,5,-0.3,-0.3
1491,15440,5,-1.8,-1.8
1492,15442,5,2.4,2.4
1493,15443,7,-2.7,-2.7
1494,15444,7,-1.9,-1.9
1495,15446,6,-4.1,-4.1
1496,15450,6,-1.7,-1.7
1497,15452,5,-2.7,-2.7
1498,15456,6,-2.75,-2.4
1499,15458,6,-1.6,-1.6
1500,15459,6,-3.3,-2.9
1501,15462,5,-0.2,-0.2
1502,15463,5,0.9,0.9
1503,15464,5,-0.5,-0.5
1504,15465,5,-1.1,-1.1
1505,15466,5,0.3,0.3
1506,15469,5,-2.5,-2.5
1507,15475,5,0.8,0.8
1508,15477,5,-1.3,-1.3
1509,15478,5,-0.6,-0.6
1510,15479,7,-4.5,-4.5
1511,15480,7,-5.1,-5.1
1512,15481,5,-2.9,-2.9
1513,15485,5,0.0,0.0
1514,15486,5,1.35,1.9
1515,15492,5,-1.8,-1.8
1516,15493,6,-1.7,-1.7
1517,15495,6,-3.8,-3.6
1518,15496,6,-2.4,-1.8
1519,15497,5,-0.7,-0.7
1520,15499,6,1.65,2.3
1521,15500,6,0.1,0.1
1522,15501,5,-0.8,-0.8
1523,15502,6,-3.5,-3.1
1524,15505,5,-1.3,-1.3
1525,15510,5,0.1,0.1
1526,15512,5,0.8,0.8
1527,15514,5,-3.4,-3.4
1528,15520,5,-2.8,-2.8
1529,15521,5,0.4,0.4
1530,15522,5,-0.3,-0.3
1531,15528,5,-1.95,-1.2
1532,15533,5,-0.5,-0.5
1533,15536,5,-1.5,-1.5
1534,15537,7,0.3,0.3
1535,15540,5,-2.1,-2.1
1536,15542,5,-1.6,-1.6
1537,15547,5,-1.9,-1.9
1538,15548,5,-1.75,-1.4
1539,15549,5,0.1,0.1
1540,15550,7,-4.6,-4.6
1541,15551,5,-0.8,-0.8
1542,15552,5,0.1,0.1
1543,15554,5,0.0,0.0
1544,15557,5,-2.4,-2.4
1545,15558,5,-2.2,-2.2
1546,15563,5,-3.83333333333,-3.6
1547,15565,5,-2.2,-2.2
1548,15567,5,-2.3,-2.3
1549,15573,5,-0.6,-0.6
1550,15576,5,-0.4,-0.4
1551,15577,5,0.4,0.4
1552,15578,5,-1.0,-1.0
1553,15580,5,2.3,2.3
1554,15582,7,-3.9,-3.9
1555,15583,5,-0.8,-0.8
1556,15585,5,-1.4,-1.4
1557,15587,5,-2.2,-2.2
1558,15589,5,-1.9,-1.9
1559,15592,5,-1.0,-1.0
1560,15593,5,-1.8,-1.8
1561,15594,5,0.1,0.1
1562,15597,5,-1.5,-1.5
1563,15599,5,-0.9,-0.9
1564,15600,5,-1.2,-1.2
1565,15608,5,1.3,1.3
1566,15609,5,-3.8,-3.8
1567,15613,5,-1.1,-1.1
1568,15616,5,-1.5,-1.5
1569,15618,5,1.0,1.0
1570,15619,5,-0.7,-0.7
1571,15620,5,-1.7,-1.7
1572,15629,6,-1.9,-1.1
1573,15662,5,0.8,0.8
1574,15664,5,-0.1,-0.1
1575,15677,5,-2.9,-2.9
1576,15678,5,-2.4,-2.4
1577,15685,5,-0.1,-0.1
1578,15690,5,-1.9,-1.9
1579,15695,5,-2.1,-2.1
1580,15708,5,-2.6,-2.6
1581,15711,5,-2.3,-2.3
1582,15717,5,3.6,3.6
1583,15738,6,-2.7,-2.7
1584,15740,5,-0.3,-0.3
1585,15741,5,-1.7,-1.7
1586,15745,5,-2.1,-2.1
1587,15747,5,-0.6,-0.6
1588,15749,5,-1.0,-1.0
1589,15752,5,2.9,2.9
1590,15753,5,-2.0,-2.0
1591,15767,5,-2.4,-2.4
1592,15770,5,-1.4,-1.4
1593,15771,5,-0.1,-0.1
1594,15773,5,-1.9,-1.9
1595,15775,6,-1.5,-1.5
1596,15778,6,-2.9,-2.9
1597,15785,6,-2.65,-2.4
1598,15790,6,-2.8,-2.8
1599,15798,5,1.9,1.9
1600,15804,6,-0.9,-0.9
1601,15865,6,0.8,0.8
1602,15866,6,-0.6,-0.6
1603,15867,6,-1.5,-1.5
1604,15871,5,-0.55,0.2
1605,15951,5,-2.2,-2.2
1606,16017,6,1.4,1.4
1607,16022,5,-1.0,-1.0
1608,16027,5,-1.1,-1.1
1609,16032,6,-3.15,-3.1
1610,16040,6,3.55,4.6
1611,16047,6,-4.2,-4.2
1612,16065,6,-2.8,-2.8
1613,16071,6,-1.7,-1.7
1614,16072,6,-2.9,-2.9
1615,16081,6,-3.5,-3.5
1616,16090,6,-0.2,-0.2
1617,16110,6,-1.8,-1.8
1618,16123,6,-3.2,-3.2
1619,16129,6,0.2,0.2
1620,16131,7,-5.6,-5.6
1621,16133,5,-0.5,-0.5
1622,16141,5,-1.9,-1.9
1623,16316,5,-1.0,-1.0
1624,16325,5,-0.7,-0.7
1625,16330,5,1.8,1.8
1626,16336,5,-2.1,-2.1
1627,16339,5,-2.4,-2.4
1628,16342,5,-1.9,-1.9
1629,16416,5,-2.2,-2.2
1630,16434,6,-3.1,-3.1
1631,16482,5,-1.7,-1.7
1632,16492,5,-2.3,-2.3
1633,16511,5,0.7,0.7
1634,16516,5,-1.1,-1.1
1635,16517,5,-1.0,-1.0
1636,16522,5,-1.7,-1.7
1637,16523,5,-1.9,-1.9
1638,16524,5,-1.5,-1.5
1639,16528,5,-1.63333333333,-1.3
1640,16530,5,-1.5,-1.5
1641,16531,5,-1.6,-1.6
1642,16540,5,-1.6,-1.6
1643,16550,5,-2.1,-2.1
1644,16551,5,0.4,0.4
1645,16552,5,-0.5,-0.5
1646,16554,5,-2.4,-2.4
1647,16559,5,0.6,0.6
1648,16578,5,-3.0,-3.0
1649,16585,5,1.2,1.2
1650,16586,5,-0.6,-0.6
1651,16600,5,0.2,0.2
1652,16602,5,0.6,0.6
1653,16603,5,-0.6,-0.6
1654,16605,5,-0.8,-0.8
1655,16606,6,-1.75,-1.5
1656,16610,6,-2.3,-2.3
1657,16613,6,-4.5,-4.5
1658,16634,5,0.8,0.8
1659,16642,5,-2.0,-2.0
1660,16643,5,0.7,0.7
1661,16649,5,-1.8,-1.8
1662,16657,5,-2.6,-2.6
1663,16658,5,-2.1,-2.1
1664,16659,5,-3.8,-3.8
1665,16660,5,-2.1,-2.1
1666,16662,5,2.3,2.3
1667,16663,6,-0.9,-0.9
1668,16665,5,-2.5,-2.5
1669,16672,5,-2.9,-2.9
1670,16680,5,2.9,2.9
1671,16681,5,-0.1,-0.1
1672,16682,5,-0.4,-0.4
1673,16684,5,0.3,0.3
1674,16699,5,-1.9,-1.9
1675,16703,6,-1.3,-1.3
1676,16704,5,-0.1,-0.1
1677,16706,5,-3.45,-3.3
1678,16707,5,-2.3,-2.3
1679,16709,5,-1.1,-1.1
1680,16710,5,-2.8,-2.8
1681,16711,5,-3.1,-3.1
1682,16713,6,-1.9,-1.9
1683,16714,5,-0.5,-0.5
1684,16716,5,-1.5,-1.5
1685,16717,5,-1.1,-1.1
1686,16718,5,-2.5,-2.5
1687,16719,7,-0.4,-0.4
1688,16720,5,-3.2,-3.2
1689,16722,5,-1.6,-1.6
1690,16727,5,-0.4,-0.4
1691,16732,7,-4.1,-4.1
1692,16733,5,-2.5,-2.5
1693,16754,6,-0.5,-0.5
1694,16760,7,-3.4,-3.4
1695,16762,6,-2.6,-2.6
1696,16765,5,-3.6,-3.6
1697,16772,6,-1.9,-1.9
1698,16779,7,-3.4,-3.4
1699,16787,5,-1.1,-1.1
1700,16804,7,-5.4,-5.4
1701,16808,5,-2.0,-2.0
1702,16809,5,-1.4,-1.4
1703,16812,5,0.7,0.7
1704,16829,5,-2.2,-2.2
1705,16831,7,-2.2,-2.2
1706,16841,6,-0.1,-0.1
1707,16851,5,-0.6,-0.6
1708,16854,5,-0.2,-0.2
1709,16871,6,-2.7,-2.7
1710,16890,6,-3.2,-3.2
1711,16900,6,-1.3,-1.3
1712,16901,6,-4.7,-4.7
1713,16905,5,-1.5,-1.5
1714,16910,6,-1.3,-1.3
1715,16922,5,-1.9,-1.9
1716,16924,6,-2.6,-2.6
1717,200107,6,1.06,2.0
1718,200107,7,0.4,1.0
1719,2008001,6,0.28,0.5
1720,2008001,7,-0.9,-0.9
1721,2008002,6,-2.45,-1.9
1722,2008002,7,-1.9,-1.9
1723,2008003,6,-0.9,0.4
1724,2008004,6,-0.68,0.4
1725,2008004,7,-2.1,-2.1
1726,2008006,6,-1.94,-1.5
1727,2008006,7,-2.5,-2.5
1728,2008007,5,-2.175,-1.3
1729,2008007,6,-3.2,-3.2
1730,2008008,6,0.52,1.5
1731,2008008,7,-0.2,-0.2
1732,2008010,6,-0.78,-0.4
1733,2008010,7,-1.9,-1.9
1734,2008011,6,4.5,7.0
1735,2008011,7,3.55,5.4
1736,2008013,6,-0.16,1.2
1737,2008013,7,-1.4,-1.1
1738,2008017,6,1.8,3.4
1739,2008017,7,1.6,1.6
1740,2008018,6,-0.38,0.7
1741,2008018,7,-1.7,-1.7
1742,2008021,6,-0.6,0.3
1743,2008021,7,-2.0,-2.0
1744,2008022,6,1.26,2.3
1745,2008022,7,0.4,0.4
1746,2008023,5,0.075,0.9
1747,2008023,6,-2.0,-2.0
1748,2008025,6,-0.94,0.0
1749,2008025,7,-1.4,-1.4
1750,2008027,6,-1.74,-0.8
1751,2008027,7,-2.1,-2.1
1752,2008030,6,-0.5,0.3
1753,2008030,7,-2.2,-2.2
1754,2008033,6,-1.48,-0.4
1755,2008033,7,-2.8,-2.8
1756,2008039,6,-0.82,0.6
1757,2008039,7,-1.75,-1.2
1758,2008040,6,-0.44,0.1
1759,2008040,7,-0.5,-0.5
1760,2008041,6,-0.36,0.3
1761,2008041,7,-1.7,-1.7
1762,2008043,6,-1.525,-0.9
1763,2008043,7,-1.7,-1.7
1764,2008047,6,0.4,1.1
1765,2008047,7,0.6,0.6
1766,2008049,6,-1.48,-1.2
1767,2008049,7,-0.9,-0.9
1768,2008053,6,-0.76,0.0
1769,2008053,7,-0.7,-0.7
1770,2008054,6,0.883333333333,2.1
1771,2008055,6,0.85,1.2
1772,2008055,7,0.9,0.9
1773,2008057,6,-1.7,-1.5
1774,2008057,7,-1.8,-1.8
1775,2008058,6,-0.3,1.0
1776,2008058,7,-0.8,-0.8
1777,2008060,6,-0.86,0.0
1778,2008060,7,-0.95,-0.3
1779,2008061,6,-0.7,1.2
1780,2008061,7,-1.9,-1.9
1781,2008063,6,0.15,1.3
1782,2008063,7,0.8,0.8
1783,2008064,5,-0.3,0.7
1784,2008064,6,-2.0,-2.0
1785,2008066,6,-0.08,2.1
1786,2008066,7,-2.5,-1.8
1787,2008067,6,2.76,3.7
1788,2008067,7,4.2,4.2
1789,2008069,6,-0.625,-0.3
1790,2008069,7,-2.3,-2.3
1791,2008071,6,0.6,1.9
1792,2008071,7,-0.2,-0.2
1793,2008072,6,0.4,1.9
1794,2008072,7,0.7,0.7
1795,2008073,6,-1.08,-0.7
1796,2008073,7,-1.6,-1.6
1797,2008075,6,-1.5,-1.1
1798,2008076,6,-0.8,-0.5
1799,2008076,7,-2.1,-2.1
1800,2008078,5,-1.375,-0.6
1801,2008078,6,-2.3,-2.3
1802,2008079,6,0.64,1.1
1803,2008079,7,1.3,1.3
1804,2008081,6,1.06,1.7
1805,2008081,7,0.9,0.9
1806,2008082,6,-0.44,0.5
1807,2008082,7,-1.1,-1.1
1808,2008084,6,2.68,3.7
1809,2008084,7,3.2,3.2
1810,2008088,6,1.78,3.6
1811,2008088,7,-0.5,-0.5
1812,2008089,6,-2.46,-1.3
1813,2008089,7,-3.1,-3.1
1814,2008091,6,1.85,2.8
1815,2008091,7,1.2,1.2
1816,2008093,5,-1.575,-0.2
1817,2008093,6,-0.9,-0.9
1818,2008094,6,0.9,1.8
1819,2008098,6,0.74,1.0
1820,2008098,7,-0.2,-0.2
1821,2008100,6,0.06,1.4
1822,2008100,7,0.4,0.4
1823,2008104,6,0.42,1.4
1824,2008104,7,-0.1,-0.1
1825,2008106,6,-0.82,-0.3
1826,2008106,7,-1.4,-1.4
1827,2008107,6,1.08,2.4
1828,2008107,7,0.8,0.8
1829,2008109,5,0.375,1.4
1830,2008109,6,1.1,1.1
1831,2008111,6,0.04,1.1
1832,2008111,7,-1.0,-1.0
1833,2008112,6,-0.42,0.0
1834,2008112,7,-1.4,-1.4
1835,2008114,5,-1.85,0.0
1836,2008114,6,-2.0,-2.0
1837,2008117,6,4.56,6.7
1838,2008117,7,4.45,5.9
1839,2008119,6,0.6,2.1
1840,2008119,7,0.9,0.9
1841,2008230,6,1.14,2.0
1842,2008230,7,1.3,1.3
1843,2008231,5,1.1,1.1
1844,2008231,6,-1.0,-1.0
1845,2008232,5,0.2,0.6
1846,2008232,6,-0.4,-0.4
1847,2008233,6,0.88,2.7
1848,2008233,7,-1.4,-1.4
1849,2008234,6,3.64,5.4
1850,2008234,7,4.6,4.6
1851,2009002,5,-0.1,0.1
1852,2009003,5,-1.0,-0.4
1853,2009004,5,1.9,1.9
1854,2009004,6,0.4,0.4
1855,2009005,5,1.55,1.8
1856,2009005,6,0.5,0.5
1857,2009006,5,0.475,1.0
1858,2009006,6,-0.2,-0.2
1859,2009007,5,0.0,0.0
1860,2009007,6,-0.4,-0.4
1861,2009008,5,-0.9,-0.2
1862,2009008,6,-1.3,-1.3
1863,2009010,5,1.0,1.0
1864,2009010,6,-0.8,-0.8
1865,2009011,5,0.866666666667,1.7
1866,2009011,6,1.6,1.6
1867,2009013,5,5.78,7.8
1868,2009014,5,3.225,6.4
1869,2009014,6,2.9,2.9
1870,2009015,5,7.6,8.0
1871,2009016,5,2.725,3.0
1872,2009016,6,2.7,2.7
1873,2009017,5,1.1,1.1
1874,2009017,6,0.0,0.0
1875,2009018,5,1.1,2.5
1876,2009018,6,0.1,0.1
1877,2009022,5,-1.0,-1.0
1878,2009022,6,-1.9,-1.9
1879,2009024,5,0.15,0.8
1880,2009024,6,-0.5,-0.5
1881,2009027,5,-0.5,-0.5
1882,2009028,5,0.825,1.5
1883,2009028,6,1.3,1.3
1884,2009029,5,4.05,6.6
1885,2009029,6,2.1,2.1
1886,2009031,5,3.0,3.0
1887,2009031,6,3.5,3.5
1888,2009034,5,0.2,0.2
1889,2009034,6,-0.4,-0.4
1890,2009035,5,-0.18,1.1
1891,2009035,6,0.6,0.6
1892,2009036,5,-1.8,-1.8
1893,2009037,5,1.3,2.9
1894,2009037,6,-0.1,-0.1
1895,2009038,5,3.15,5.7
1896,2009038,6,4.4,4.4
1897,2009039,5,-0.175,0.0
1898,2009039,6,-1.2,-1.2
1899,2009041,5,0.6,1.4
1900,2009041,6,0.3,0.3
1901,2009043,5,0.1,0.1
1902,2009044,5,1.575,2.7
1903,2009044,6,1.7,1.7
1904,2009045,5,2.3,3.6
1905,2009045,6,2.2,2.2
1906,2009046,5,0.575,1.1
1907,2009046,6,0.9,0.9
1908,2009047,5,2.48333333333,5.9
1909,2009047,6,2.1,2.1
1910,2009048,5,-0.64,0.3
1911,2009048,6,-0.8,-0.8
1912,2009049,5,2.22,3.1
1913,2009049,6,2.0,2.0
1914,2009051,5,1.4,1.4
1915,2009051,6,0.4,0.4
1916,2009053,5,-0.96,0.1
1917,2009053,6,-2.6,-2.6
1918,2009055,5,0.45,1.5
1919,2009055,6,1.0,1.0
1920,2009056,5,7.975,8.0
1921,2009058,5,-1.0,-1.0
1922,2009059,5,-0.08,0.9
1923,2009059,6,-1.2,-1.2
1924,2009060,5,3.48,6.4
1925,2009064,5,0.9,1.4
1926,2009064,6,0.9,0.9
1927,2009065,5,-0.46,0.1
1928,2009066,5,2.2,2.2
1929,2009066,6,0.2,0.2
1930,2009069,5,-0.8,-0.8
1931,2009070,5,-3.25,-3.0
1932,2009072,5,1.04,2.0
1933,2009072,6,1.1,1.1
1934,2009073,5,0.7,0.7
1935,2009073,6,-0.8,-0.8
1936,2009075,5,2.525,3.5
1937,2009075,6,2.4,2.4
1938,2009076,5,0.3,0.3
1939,2009076,6,-2.0,-2.0
1940,2009078,5,-0.4,-0.4
1941,2009078,6,-1.3,-1.3
1942,2009079,5,0.05,0.4
1943,2009079,6,0.0,0.0
1944,2009080,5,0.05,0.3
1945,2009080,6,-0.5,-0.5
1946,2009081,5,-0.8,-0.8
1947,2009082,5,1.225,1.6
1948,2009082,6,0.3,0.3
1949,2009083,5,-0.9,-0.9
1950,2009084,5,-1.9,-1.9
1951,2009085,5,2.1,2.1
1952,2009085,6,1.0,1.0
1953,2009086,5,3.5,3.5
1954,2009086,6,3.5,3.5
1955,2009087,5,-1.325,-0.6
1956,2009087,6,-1.0,-1.0
1957,2009088,5,0.2,0.2
1958,2009088,6,-0.5,-0.5
1959,2009089,5,-0.9,-0.9
1960,2009090,6,2.68,5.0
1961,2009090,7,1.4,1.4
1962,2009091,5,-0.66,0.1
1963,2009091,6,-1.4,-1.4
1964,2009092,6,7.0,7.0
1965,2009092,7,6.0,6.0
1966,2009095,5,0.8,0.8
1967,2009095,6,-0.8,-0.8
1968,2009096,5,1.375,2.0
1969,2009096,6,1.9,1.9
1970,2009097,5,0.1,0.1
1971,2009097,6,1.3,1.3
1972,2009099,5,-0.625,-0.1
1973,2009099,6,-1.4,-1.4
1974,2009100,5,2.7,2.7
1975,2009100,6,-0.3,-0.3
1976,2009101,5,-1.5,-1.5
1977,2009102,5,-0.25,-0.1
1978,2009103,6,1.68333333333,2.9
1979,2009103,7,1.1,1.1
1980,2009105,5,1.325,2.3
1981,2009106,6,1.775,2.4
1982,2009106,7,1.0,1.0
1983,2009110,6,1.08,1.7
1984,2009110,7,0.4,0.4
1985,2009112,5,-1.03333333333,-0.6
1986,2009112,6,-1.9,-1.9
1987,2009113,5,-0.8,-0.8
1988,2009114,5,0.7,2.0
1989,2009114,6,0.8,0.8
1990,2009115,5,0.34,1.1
1991,2009115,6,0.0,0.0
1992,2009118,6,0.94,1.9
1993,2009118,7,-0.9,-0.9
1994,2009119,5,0.325,0.7
1995,2009119,6,0.3,0.3
1996,2009121,5,-0.32,0.1
1997,2009121,6,-1.1,-1.1
1998,2182003,6,-0.6,0.5
1999,2182003,7,-1.3,-1.3
2000,406139767,5,3.6,3.6
2001,406139773,5,1.9,2.5
2002,406139773,6,2.7,2.7
2003,406139783,5,-2.4,-2.4
2004,406139797,5,-1.1,-1.1
2005,406139802,5,5.7,5.7
2006,406139816,5,-1.0,-1.0
2007,406139819,5,-0.3,-0.3
2008,406139822,5,0.7,0.7
2009,406139825,5,-1.4,-1.2
2010,406139838,6,2.42,5.0
2011,406139838,7,1.8,1.8
2012,406139840,5,1.375,1.9
2013,406139840,6,1.2,1.2
2014,406139841,6,-0.42,1.4
2015,406139841,7,-2.1,-2.1
2016,406139842,5,1.8,1.8
2017,406139842,6,-0.8,-0.8
2018,406139843,5,-1.0,-1.0
2019,406139844,5,-2.6,-2.6
2020,406139845,5,0.3,0.3
2021,406139846,5,1.6,1.6
2022,406139847,5,1.975,2.7
2023,406139847,6,2.5,2.5
2024,406139848,5,-1.9,-1.9
2025,406139855,5,0.4,0.4
2026,406139857,5,0.2,0.2
2027,406139857,6,-0.3,-0.3
2028,406139872,5,-1.3,-1.3
2029,406139872,6,-2.8,-2.8
2030,406139874,5,-0.5,-0.5
2031,406139875,5,-0.3,-0.3
2032,406139884,5,0.1,0.1
2033,406139885,5,0.05,0.9
2034,406139885,6,-0.8,-0.8
2035,406139898,5,0.6,0.6
2036,406139979,5,2.5,2.5
2037,406140070,7,0.725,1.4
2038,406140070,8,-2.1,-2.1
2039,406140071,7,-1.1,-0.7
2040,406140071,8,-0.5,-0.5
2041,406140085,7,-0.325,0.4
2042,406140085,8,0.0,0.0
2043,406140086,7,-0.7,-0.4
2044,406140086,8,-1.7,-1.7
2045,406140087,8,-2.16,-1.6
2046,406140132,7,-2.925,-1.6
2047,406140132,8,-3.3,-3.3
2048,406140133,7,-2.225,-1.8
2049,406140133,8,-3.5,-3.5
2050,406140136,7,-0.925,0.1
2051,406140136,8,-2.0,-2.0
2052,406140140,8,-0.68,0.5
2053,406140142,5,-2.4,-2.4
2054,406140158,7,-3.2,-2.3
2055,406140158,8,-4.0,-4.0
2056,406140189,7,-3.0,-2.3
2057,406140189,8,-3.5,-3.5
2058,406140190,7,-1.75,-1.2
2059,406140190,8,-2.0,-2.0
2060,406140256,5,1.2,1.2
2061,406140454,7,-0.62,0.1
2062,406140454,8,-1.9,-1.9
2063,406140628,7,0.15,0.9
2064,406140628,8,-2.2,-2.2
2065,406140639,7,-1.78,-1.1
2066,406140639,8,-2.2,-2.2
2067,406140642,7,-1.175,-0.4
2068,406140642,8,-2.6,-2.6
2069,406140782,5,3.7,3.7
2070,406140807,5,-0.2,-0.2
2071,406140924,5,-1.9,-1.9
2072,406140925,7,0.7,1.4
2073,406140925,8,-1.4,-1.4
2074,406140929,5,1.8,1.8
2075,406140931,5,2.0,2.0
2076,406140932,5,-0.4,-0.4
2077,406140967,5,0.5,0.5
2078,406141002,5,-3.7,-3.7
2079,406141006,2,0.1,0.1
2080,406141054,5,-0.1,-0.1
2081,406141060,5,-0.2,-0.2
2082,406141060,6,-0.9,-0.9
2083,406141080,5,-1.3,-1.3
2084,406141084,6,-1.52,-0.5
2085,406141084,7,-1.7,-1.6
2086,406141114,5,-1.9,-1.9
2087,406141265,7,-1.7,-1.7
2088,406141281,7,-1.6,-1.6
2089,406141285,5,-1.1,-1.1
2090,406141290,2,0.1,0.1
2091,406141331,7,1.8,1.8
2092,406141353,2,1.4,1.4
2093,406141369,2,0.6,0.6
2094,406141411,5,-0.3,-0.3
2095,406141422,5,-0.96,0.1
2096,406141422,6,-1.2,-1.2
2097,406141429,5,1.8,1.8
2098,406141437,7,-2.2,-2.2
2099,406141439,7,-0.8,-0.8
2100,406141513,7,-1.05,-0.4
2101,406141513,8,-1.9,-1.9
2102,406141517,7,-2.175,-1.5
2103,406141517,8,-2.4,-2.4
2104,406141521,7,-1.35,-0.6
2105,406141521,8,-2.8,-2.8
2106,406141523,7,4.05,5.9
2107,406141523,8,4.8,4.8
2108,406141525,7,-0.68,0.3
2109,406141525,8,0.4,0.4
2110,406141528,7,-2.5,-1.9
2111,406141530,7,-2.66,-1.8
2112,406141530,8,-3.5,-3.5
2113,406141531,7,3.0,5.7
2114,406141531,8,5.0,5.0
2115,406141532,6,-2.5,-1.7
2116,406141532,7,-4.1,-4.1
2117,406141534,7,-1.8,-1.2
2118,406141534,8,-1.2,-1.2
2119,406141535,7,-3.0,-2.5
2120,406141535,8,-2.9,-2.9
2121,406141537,7,0.3,1.3
2122,406141537,8,-0.3,-0.3
2123,406141538,7,3.625,4.9
2124,406141538,8,0.0,0.0
2125,406141540,7,-2.6,-2.3
2126,406141540,8,-2.8,-2.8
2127,406141541,7,2.225,4.7
2128,406141541,8,1.6,1.6
2129,406141542,7,3.025,5.9
2130,406141542,8,0.0,0.0
2131,406141546,7,-0.14,0.5
2132,406141546,8,-0.5,-0.5
2133,406141547,7,-1.16,0.0
2134,406141547,8,-0.5,-0.5
2135,406141549,7,-1.35,-1.0
2136,406141549,8,-1.6,-1.6
2137,406141551,7,0.475,1.4
2138,406141551,8,0.2,0.2
2139,406141553,7,3.6,6.0
2140,406141553,8,2.3,2.3
2141,406141554,6,-2.48,-1.9
2142,406141554,7,-3.6,-3.6
2143,406141574,7,-0.475,0.1
2144,406141574,8,0.5,0.5
2145,406141576,7,-2.98,-2.3
2146,406141576,8,-1.1,-1.1
2147,406141588,7,-0.975,-0.3
2148,406141588,8,-1.8,-1.8
2149,406141589,7,-1.525,-0.9
2150,406141589,8,-2.4,-2.4
2151,406141590,7,4.9,6.0
2152,406141590,8,5.0,5.0
2153,406141591,6,6.18,7.0
2154,406141591,7,5.9,5.9
2155,406141592,7,-1.05,-0.7
2156,406141592,8,-2.4,-2.4
2157,406141603,7,-1.02,1.8
2158,406141603,8,-0.6,-0.6
2159,406141607,7,1.28,1.9
2160,406141607,8,0.4,0.4
2161,406141609,7,-1.1,-0.7
2162,406141609,8,-1.7,-1.7
2163,406141636,6,-0.5,0.3
2164,406141636,7,-1.2,-1.2
2165,406141639,7,-0.95,-0.3
2166,406141639,8,-1.9,-1.9
2167,406141645,7,-0.875,0.1
2168,406141645,8,-1.9,-1.9
2169,406141648,7,-0.05,1.1
2170,406141648,8,-0.9,-0.9
2171,406141656,7,2.6,4.0
2172,406141656,8,2.2,2.2
2173,406141662,7,0.0,0.9
2174,406141662,8,0.6,0.6
2175,406141663,7,0.925,3.0
2176,406141663,8,-0.5,-0.5
2177,406141666,7,0.575,1.3
2178,406141666,8,-1.8,-1.8
2179,406141674,7,-1.48,-0.9
2180,406141716,2,0.4,0.4
2181,406141721,5,-1.275,-0.2
2182,406141721,6,-1.9,-1.9
2183,406141745,2,0.5,0.5
2184,406141750,2,-0.2,-0.2
2185,406141754,7,-2.2,-2.2
2186,406141756,7,-4.6,-4.6
2187,406141761,7,2.1,2.1
2188,406141764,2,0.4,0.4
2189,406141773,7,-2.35,-1.7
2190,406141789,7,2.6,2.6
2191,406141792,6,-0.38,0.1
2192,406141792,7,-2.1,-2.1
2193,406141793,7,0.783333333333,2.5
2194,406141793,8,0.1,0.1
2195,406141798,7,-1.2,-0.9
2196,406141798,8,-2.4,-2.4
2197,406141799,7,0.7,1.1
2198,406141799,8,-0.6,-0.6
2199,406141852,6,0.74,1.5
2200,406141852,7,-1.1,-1.1
2201,406141853,7,1.96,5.0
2202,406141854,7,-0.44,0.5
2203,406141854,8,-2.1,-2.1
2204,406141858,7,-1.025,-0.2
2205,406141858,8,-1.5,-1.5
2206,406141860,7,0.825,1.0
2207,406141860,8,1.4,1.4
2208,406141861,6,-2.3,-2.1
2209,406141861,7,-3.2,-3.2
2210,406141862,7,4.275,6.0
2211,406141862,8,5.0,5.0
2212,406141863,7,2.375,3.5
2213,406141863,8,0.7,0.7
2214,406141864,6,-2.92,-2.4
2215,406141864,7,-3.9,-3.9
2216,406141867,6,-1.2,-0.7
2217,406141870,7,-1.7,-0.9
2218,406141870,8,-2.5,-2.5
2219,406141871,7,-0.475,2.5
2220,406141871,8,-2.0,-2.0
2221,406141895,2,-0.7,-0.7
2222,406141937,6,1.54,2.6
2223,406141937,7,-1.6,-1.6
2224,406141946,2,-0.1,-0.1
2225,406141955,6,-1.52,-0.6
2226,406141955,7,-2.2,-2.2
2227,406141962,6,4.12,7.0
2228,406141962,7,2.9,2.9
2229,406141983,6,-1.96,-0.9
2230,406141983,7,-3.4,-3.4
2231,406141984,7,-0.34,1.5
2232,406141984,8,-1.6,-1.6
2233,406141985,7,-1.75,-1.0
2234,406141985,8,-3.2,-3.2
2235,406141986,7,2.0,4.5
2236,406141986,8,3.0,3.0
2237,406141988,7,-0.666666666667,-0.1
2238,406141988,8,-1.2,-1.2
2239,406141990,7,-1.625,-0.6
2240,406141990,8,-2.5,-2.5
2241,406141997,7,2.8,6.0
2242,406141997,8,1.1,1.1
2243,406141998,7,1.525,2.5
2244,406141998,8,0.2,0.2
2245,406141999,7,0.566666666667,1.1
2246,406141999,8,3.6,3.6
2247,406142000,7,-0.775,-0.1
2248,406142000,8,-1.5,-1.5
2249,406142001,7,-1.35,-1.1
2250,406142001,8,-1.5,-1.5
2251,406142003,7,-1.025,-0.5
2252,406142003,8,-2.4,-2.4
2253,406142014,7,0.525,0.9
2254,406142014,8,-1.1,-1.1
2255,406142015,7,0.3,0.4
2256,406142015,8,-0.9,-0.9
2257,406142018,7,-2.5,-2.5
2258,406142019,7,-4.0,-4.0
2259,406142020,7,1.68,4.1
2260,406142020,8,0.6,0.6
2261,406142023,5,-1.35,-0.6
2262,406142027,7,-0.86,0.3
2263,406142027,8,-0.5,-0.5
2264,406142036,2,0.6,0.6
2265,406142047,5,0.3,1.7
2266,406142047,6,-0.1,-0.1
2267,406142064,2,0.5,0.5
2268,406142067,5,-2.4,-2.4
2269,406142094,5,-2.6,-2.6
2270,406142096,6,-1.68,-1.1
2271,406142096,7,-1.5,-1.5
2272,406142097,6,0.8,1.9
2273,406142097,7,-1.1,-1.1
2274,406142114,5,-2.0,-2.0
2275,406142117,5,-0.8,-0.8
2276,406142131,2,-0.4,-0.4
2277,406142140,6,0.32,1.1
2278,406142140,7,0.7,0.7
2279,406142149,5,-2.4,-1.3
2280,406142149,6,-3.5,-3.5
2281,406142159,2,-0.1,-0.1
2282,406142163,6,0.16,0.5
2283,406142163,7,-1.6,-1.6
2284,406142180,7,-0.475,1.0
2285,406142180,8,-1.7,-1.7
2286,406142185,7,-0.225,0.4
2287,406142185,8,-0.1,-0.1
2288,406142186,7,-0.02,0.8
2289,406142186,8,-2.3,-2.3
2290,406142213,5,-1.0,-1.0
2291,406142216,5,-2.48,-1.9
2292,406142216,6,-3.1,-3.1
2293,406142230,7,0.425,2.6
2294,406142230,8,-0.7,-0.7
2295,406142234,7,-0.775,0.1
2296,406142234,8,0.1,0.1
2297,406142235,7,1.575,3.3
2298,406142235,8,0.6,0.6
2299,406142236,7,0.3,0.9
2300,406142236,8,-1.9,-1.9
2301,406142240,7,-0.175,0.5
2302,406142240,8,0.5,0.5
2303,406142245,7,-1.0,-0.1
2304,406142245,8,-2.0,-2.0
2305,406142246,7,-1.2,-0.5
2306,406142246,8,-1.5,-1.5
2307,406142248,7,1.58333333333,3.6
2308,406142248,8,0.0,0.0
2309,406142250,7,-2.175,-1.8
2310,406142250,8,-2.4,-2.4
2311,406142252,6,-0.98,-0.7
2312,406142252,7,-1.8,-1.8
2313,406142255,7,-3.325,-2.7
2314,406142255,8,-3.6,-3.6
2315,406142256,7,4.35,5.9
2316,406142256,8,1.4,1.4
2317,406142261,6,4.425,6.9
2318,406142261,7,6.0,6.0
2319,406142264,7,-1.18,-0.1
2320,406142267,7,-0.62,0.1
2321,406142267,8,-1.8,-1.8
2322,406142268,7,0.42,2.7
2323,406142268,8,1.2,1.2
2324,406142272,7,-1.4,-0.1
2325,406142272,8,-2.7,-2.7
2326,406142274,7,-2.125,-1.6
2327,406142274,8,-1.0,-1.0
2328,406142276,7,0.075,1.1
2329,406142276,8,-0.3,-0.3
2330,406142277,7,-2.05,-1.8
2331,406142277,8,-3.3,-3.3
2332,406142278,7,2.95,5.7
2333,406142278,8,4.9,4.9
2334,406142279,7,-0.025,0.2
2335,406142279,8,-0.7,-0.7
2336,406142280,2,0.4,0.4
2337,406142282,7,3.5,4.4
2338,406142282,8,3.1,3.1
2339,406142283,7,-0.6,0.4
2340,406142283,8,-0.9,-0.9
2341,406142284,6,-2.02,-1.6
2342,406142284,7,-2.7,-2.7
2343,406142287,7,-0.8,0.0
2344,406142287,8,-1.9,-1.9
2345,406142289,6,-0.86,-0.4
2346,406142289,7,-2.1,-2.1
2347,406142299,7,-1.4,0.7
2348,406142299,8,-0.1,-0.1
2349,406142300,2,0.2,0.2
2350,406142303,6,-0.16,1.2
2351,406142303,7,-0.25,0.8
2352,406142304,5,2.3,2.3
2353,406142395,2,0.4,0.4
2354,406142400,6,0.62,1.5
2355,406142400,7,0.9,0.9
2356,406142431,7,-1.35,-0.5
2357,406142431,8,-2.2,-2.2
2358,406142436,5,-2.3,-2.3
2359,406142438,5,-0.966666666667,-0.1
2360,406142457,5,-2.6,-2.6
2361,406142471,6,-1.425,-0.7
2362,406142471,7,-1.1,-1.1
2363,406142474,6,-1.76,-1.1
2364,406142474,7,-1.3,-1.3
2365,406142475,2,-0.2,-0.2
2366,406142498,2,0.2,0.2
2367,406142501,6,-1.65,-0.5
2368,406142501,7,-1.6,-1.6
2369,406142513,5,-2.65,-2.4
2370,406142514,6,-0.92,-0.4
2371,406142514,7,-1.5,-1.5
2372,406142517,5,-2.1,-1.5
2373,406142522,7,1.34,2.7
2374,406142522,8,2.1,2.1
2375,406142524,7,2.875,5.8
2376,406142524,8,3.4,3.4
2377,406142535,7,-2.72,-2.2
2378,406142535,8,-2.9,-2.9
2379,406142536,2,1.1,1.1
2380,406142559,7,0.65,1.8
2381,406142559,8,0.3,0.3
2382,406142579,7,-0.7625,4.3
2383,406142579,8,5.0,5.0
2384,406142580,7,-0.333333333333,0.1
2385,406142580,8,-1.5,-1.5
2386,406142581,6,-2.18333333333,-1.5
2387,406142581,7,-2.3,-2.3
2388,406142587,5,-0.8,-0.8
2389,406142598,7,-0.575,0.7
2390,406142598,8,-2.9,-2.9
2391,406142625,5,2.9,2.9
2392,406142633,5,2.9,2.9
2393,20102000000,5,0.8,0.8
2394,20102000001,5,0.8,0.8
2395,20102000004,5,-1.2,-1.0
2396,20102000009,5,0.1,0.1
2397,20102000010,5,0.8,0.8
2398,20102000014,5,-0.4,-0.4
2399,20102000015,5,-1.6,-1.6
2400,20102000018,5,2.25,2.5
2401,20102000021,5,-1.5,-1.5
2402,20102000026,5,-2.16666666667,-1.0
2403,20102000028,5,-1.0,-1.0
2404,20102000031,5,-0.5,-0.5
2405,20102000035,5,0.2,0.2
2406,20102000040,5,-0.3,-0.3
2407,20102000041,5,1.0,1.0
2408,20102000042,5,1.0,1.0
2409,20102000045,5,0.2,0.2
2410,20102000046,5,0.5,0.5
2411,20102000050,5,-0.05,0.2
2412,20102000053,5,0.2,0.2
2413,20102000056,5,-0.5,-0.5
2414,20102000058,5,-2.7,-2.7
2415,20102000059,5,-2.7,-2.7
2416,20102000061,5,-1.5,-1.5
2417,20102000066,5,1.0,1.0
2418,20102000067,5,0.9,0.9
2419,20102000069,5,-0.9,-0.9
2420,20102000074,5,2.4,2.4
2421,20102000077,5,-0.5,-0.5
2422,20102000079,5,-1.5,-1.5
2423,20102000081,5,0.2,0.2
2424,20102000083,5,-1.0,-1.0
2425,20102000085,5,1.9,1.9
2426,20103000014,5,0.0,0.0
2427,20103000015,5,-0.1,-0.1
2428,20103000023,5,-0.3,-0.3
2429,20103000025,5,1.0,1.0
2430,20103000026,5,2.4,2.4
2431,20103000034,5,-2.2,-2.2
2432,20103000058,5,0.8,0.8
2433,20103000060,5,1.2,1.2
2434,20103000068,5,1.1,1.1
2435,20103000069,5,-1.8,-1.8
2436,20103000085,5,1.0,1.0
2437,20103000103,5,0.3,0.3
2438,20103000104,5,3.3,3.3
2439,20105000000,5,0.4,0.4
2440,20105000003,5,-1.0,-1.0
2441,20105000004,5,0.5,0.5
2442,20105000005,5,-0.4,-0.4
2443,20105000006,5,0.1,0.1
2444,20105000007,5,-1.1,-1.1
2445,20105000008,5,1.9,1.9
2446,20105000009,5,1.1,1.1
2447,20105000010,5,-1.4,-1.4
2448,20105000011,5,2.0,2.0
2449,20105000012,5,0.1,0.1
2450,20105000013,5,-1.0,-1.0
2451,20105000015,5,0.5,0.5
2452,20105000016,5,-1.2,-1.2
2453,20105000017,5,-1.6,-1.6
2454,20105000018,5,0.2,0.2
2455,20105000019,5,0.2,0.2
2456,20105000020,5,1.6,1.6
2457,20105000021,5,-2.0,-2.0
2458,20105000022,5,1.0,1.0
2459,20105000025,5,-0.6,-0.5
2460,20105000027,5,-0.2,-0.2
2461,20105000032,5,3.0,3.0
2462,20105000033,5,-1.3,-1.3
2463,20105000035,5,-0.4,-0.4
2464,20105000037,5,2.7,2.7
2465,20105000038,5,0.8,0.8
2466,20105000039,5,0.4,0.4
2467,20105000041,5,0.6,0.6
2468,20105000043,5,-0.9,-0.9
2469,20105000044,5,-1.2,-1.2
2470,20105000045,5,-2.2,-2.2
2471,20105000048,5,-1.9,-1.9
2472,20105000049,5,-0.6,-0.6
2473,20105000050,5,-0.9,-0.9
2474,20105000051,5,-0.5,-0.5
2475,20105000052,5,-0.5,-0.5
2476,20105000053,5,0.3,0.3
2477,20105000058,5,0.8,0.8
2478,20105000059,5,0.0,0.0
2479,20105000060,5,1.1,1.1
2480,20105000062,5,0.2,0.2
2481,20105000063,5,0.1,0.1
2482,20105000064,5,2.9,2.9
2483,20105000065,5,-0.1,-0.1
2484,20105000066,5,1.0,1.0
2485,20105000067,5,-0.5,-0.5
2486,20105000069,5,-0.6,-0.6
2487,20105000071,5,0.4,0.4
2488,20105000072,5,2.6,2.6
2489,20105000073,5,-0.9,-0.9
2490,20105000075,5,-0.1,-0.1
2491,20105000076,5,-1.8,-1.8
2492,20105000077,5,-2.0,-2.0
2493,20105000079,5,0.6,0.6
2494,20105000080,5,-0.1,-0.1
2495,20105000081,5,3.0,3.0
2496,20105000084,5,-0.25,-0.1
2497,20105000085,5,1.8,1.8
2498,20105000087,5,2.4,2.4
2499,20105000089,5,-2.3,-2.3
2500,20105000090,5,-1.6,-1.6
2501,20105000091,5,-1.3,-1.3
2502,20105000092,5,0.1,0.1
2503,20105000093,5,0.0,0.0
2504,20105000094,5,-1.4,-1.4
2505,20105000095,5,-0.7,-0.7
2506,20105000097,5,0.8,0.8
2507,20105000098,5,-1.6,-1.6
2508,20105000100,5,-1.6,-1.6
2509,20105000102,5,-0.76,-0.3
2510,20105000102,6,-0.9,-0.9
2511,20105000103,5,1.5,1.5
2512,20105000103,6,0.8,0.8
2513,20105000104,6,-1.8,-0.7
2514,20105000104,7,-3.0,-3.0
2515,20105000105,6,-0.92,1.0
2516,20105000105,7,-2.5,-2.5
2517,20105000106,5,-0.08,0.5
2518,20105000107,6,-1.36,-0.6
2519,20105000107,7,-1.4,-1.4
2520,20105000108,6,0.6,1.9
2521,20105000108,7,-0.8,-0.8
2522,20105000109,5,0.6,0.6
2523,20105000109,6,-1.3,-1.3
2524,20105000110,6,0.45,1.7
2525,20105000110,7,-0.1,-0.1
2526,20105000181,5,3.0,3.0
2527,20105000182,5,-1.7,-1.7
2528,20105000183,5,0.7,0.7
2529,20105000184,5,0.7,0.7
2530,20105000185,5,2.0,2.0
2531,20105000186,5,-0.6,-0.6
2532,20105000187,5,0.1,0.1
2533,20105000189,5,1.1,2.1
2534,20105000189,6,-0.1,-0.1
2535,20105000190,5,3.74,5.3
2536,20105000192,6,0.84,1.7
2537,20105000192,7,-0.4,-0.4
