student_id,math,ela,sum
6607,2463,2505,4968
14575,2514,2530,5044
14566,2506,2523,5029
14583,2378,2410,4788
6417,2503,2576,5079
14653,2641,2628,5269
6392,2513,2479,4992
15198,2317,2332,4649
11054,2598,\N,2598
10835,2491,2442,4933
11843,2456,2454,4910
10941,2598,2589,5187
11733,2624,2565,5189
3959,2362,2436,4798
6869,2419,2411,4830
7040,2610,2556,5166
14261,2641,2655,5296
14147,2416,2502,4918
6883,2433,2403,4836
13573,2326,2287,4613
7080,2440,2392,4832
6955,2516,2515,5031
14180,2522,2498,5020
6758,2508,2494,5002
6588,2432,2409,4841
6740,2501,2436,4937
3163,2589,2428,5017
3468,2577,2574,5151
13338,2525,2476,5001
3517,2625,2578,5203
14776,2382,2448,4830
3516,2609,2651,5260
3937,2540,2610,5150
3543,2649,2578,5227
11838,2560,2560,5120
11807,2359,2435,4794
11080,2369,2623,4992
14288,2415,2389,4804
11901,2416,2501,4917
13017,2541,2529,5070
10470,2554,2516,5070
11252,2598,2609,5207
13107,2325,2416,4741
3443,2530,2500,5030
3392,2660,2609,5269
3311,2739,2718,5457
3315,2469,2337,4806
3521,2569,2565,5134
11484,2497,2495,4992
14797,2336,2432,4768
3332,2513,2501,5014
3506,2633,2587,5220
3509,2620,2587,5207
10624,2581,2477,5058
13019,2325,2303,4628
11705,2517,2571,5088
13304,2481,2493,4974
3288,2733,2664,5397
12033,2494,2531,5025
3931,2550,2559,5109
11950,2733,2745,5478
13724,2496,2466,4962
3526,2654,2577,5231
3410,2676,2602,5278
3500,2734,2652,5386
11955,2471,2547,5018
11869,2435,2538,4973
10875,2487,2484,4971
7016,2443,2413,4856
10652,2540,2388,4928
13023,2452,2573,5025
14637,2621,2621,5242
11858,2380,2436,4816
14544,2604,2615,5219
11655,2478,2456,4934
12678,2510,2486,4996
14486,2342,2432,4774
11887,2512,2588,5100
12011,2359,2514,4873
6343,2576,2570,5146
10608,2733,2628,5361
10570,2604,2604,5208
11047,2673,2688,5361
12891,2517,2502,5019
12804,2546,2491,5037
12028,2565,2575,5140
7171,2429,2480,4909
12509,2596,2347,4943
11320,2559,2484,5043
14984,2325,2440,4765
12739,2518,2557,5075
12760,2516,2505,5021
11403,2484,2515,4999
12705,2369,2430,4799
13578,2635,2566,5201
12520,2571,2589,5160
13490,2458,2541,4999
14940,2584,2553,5137
6567,2506,2370,4876
13559,2493,2547,5040
13410,2411,2515,4926
11849,2360,2457,4817
14986,2573,2543,5116
6427,2594,2627,5221
6410,2541,2578,5119
12848,2548,2621,5169
12780,2551,2588,5139
12720,2468,2507,4975
11762,2334,2308,4642
11847,2336,2368,4704
10492,2681,2647,5328
13083,2499,2484,4983
3968,2546,2563,5109
13043,2526,2527,5053
11544,2683,2722,5405
12420,2694,2711,5405
12786,2672,2600,5272
6358,2546,2552,5098
12409,2550,2520,5070
15022,2396,2481,4877
6400,2538,2604,5142
12710,2335,2390,4725
13601,2641,2633,5274
7107,2453,2496,4949
14978,2502,2475,4977
13181,2533,2549,5082
13379,2394,2377,4771
14163,2524,2502,5026
12511,2500,2602,5102
13451,2500,2458,4958
11106,2492,2462,4954
15183,2390,2388,4778
6381,2545,2567,5112
6424,2624,2659,5283
10868,2452,2479,4931
14757,2564,2672,5236
12515,2643,2452,5095
14574,2483,2480,4963
15030,2516,2550,5066
13498,2310,2380,4690
12403,2403,2409,4812
14313,2606,2634,5240
14916,2482,2546,5028
11848,2526,2518,5044
6501,2509,2477,4986
13150,2486,2506,4992
13317,2562,2583,5145
13241,2546,2576,5122
12801,2582,2633,5215
14659,2433,2404,4837
12408,2509,2561,5070
14762,2490,2555,5045
13539,2554,2473,5027
14495,2597,2635,5232
13568,2644,2541,5185
14621,2525,2533,5058
13482,2388,2502,4890
12428,2631,2559,5190
13158,2748,2724,5472
6406,2446,2414,4860
12406,2508,2503,5011
13497,2527,2560,5087
6356,2577,2584,5161
13223,2516,2579,5095
13161,2450,2537,4987
6416,2604,2624,5228
13399,2518,2548,5066
14346,2493,2518,5011
12961,2561,2574,5135
13541,2502,2520,5022
14497,2507,2471,4978
14692,2429,2425,4854
14668,2451,2390,4841
14681,2496,2460,4956
14881,2455,2438,4893
14662,2562,2579,5141
14677,2557,2594,5151
14102,2625,2645,5270
14656,2471,2558,5029
14110,2547,2585,5132
10479,2556,2558,5114
14549,2517,2455,4972
11724,2523,2476,4999
13392,2657,2665,5322
14350,2557,2545,5102
14555,2577,2636,5213
7200,2605,2672,5277
14573,2467,2484,4951
14557,2587,2567,5154
14735,2436,2452,4888
14076,2517,2451,4968
14721,2438,2411,4849
14205,2546,2454,5000
14492,2471,2395,4866
6536,2439,2420,4859
6923,2530,2577,5107
6858,2569,2523,5092
6669,2520,2487,5007
7111,2496,2458,4954
14472,2498,2475,4973
11966,2548,2526,5074
13938,2484,2389,4873
14199,2491,2462,4953
6526,2561,2526,5087
6835,2621,2580,5201
7065,2532,2526,5058
13616,2375,2482,4857
14755,2461,2479,4940
10861,2563,2578,5141
14506,2495,2433,4928
6885,2514,2457,4971
4581,2390,2436,4826
7015,2384,2391,4775
6916,2476,2511,4987
13309,2508,2413,4921
14423,2421,2525,4946
14266,2418,2372,4790
7195,2604,2618,5222
14679,2598,2530,5128
14553,2475,2469,4944
6476,2466,2499,4965
6436,2557,2538,5095
3299,2428,2481,4909
6910,2548,2586,5134
14228,2529,2417,4946
7068,2557,2433,4990
7006,2426,2401,4827
7006,2426,2330,4756
6786,2568,2627,5195
14616,2603,2501,5104
7074,2404,2441,4845
6972,2515,2552,5067
6919,2529,2527,5056
6495,2585,2579,5164
16728,2504,2564,5068
6607,2463,2527,4990
6846,2513,2512,5025
6806,2435,2383,4818
6635,2436,2525,4961
6635,2436,2496,4932
6788,2621,2406,5027
6788,2621,2410,5031
6993,2590,2643,5233
6844,2499,2535,5034
6488,2555,2461,5016
6730,2546,2552,5098
6590,2461,2452,4913
13336,2449,2458,4907
13336,2449,2502,4951
6770,2410,2392,4802
11941,2492,2522,5014
13917,2558,2508,5066
6865,2462,2392,4854
14418,2541,2526,5067
6981,2509,2535,5044
14128,2476,2496,4972
7142,2524,2527,5051
6709,2565,2530,5095
7109,2463,2382,4845
7041,2574,2528,5102
13377,2394,2408,4802
6811,2508,2571,5079
6867,2577,2536,5113
14121,2550,2567,5117
14465,2425,2512,4937
7183,2620,2568,5188
13440,2454,2378,4832
14104,2572,2636,5208
14207,2595,2559,5154
7160,2464,2499,4963
10345,2501,2560,5061
7017,2457,2530,4987
6496,2600,2566,5166
14655,2516,2423,4939
6775,2440,2449,4889
6559,2510,2701,5211
6613,2506,2450,4956
7181,2467,2486,4953
14633,2645,2548,5193
6729,2571,2511,5082
7058,2366,2399,4765
6879,2549,2564,5113
6533,2346,2331,4677
7078,2469,2416,4885
6621,2454,2404,4858
3933,2383,2494,4877
6589,2492,2529,5021
6589,2492,2490,4982
6784,2600,2552,5152
14607,2533,2516,5049
6465,2535,2498,5033
6725,2634,2653,5287
6792,2402,2410,4812
6777,2504,2510,5014
11791,2289,2402,4691
7203,2546,2488,5034
6574,2561,2582,5143
3488,2643,2623,5266
3377,2680,2682,5362
10707,2423,2469,4892
10952,2695,2648,5343
3403,2739,2672,5411
3446,2601,2536,5137
3554,2696,2595,5291
10655,2541,2595,5136
12880,2654,2697,5351
14516,2380,2459,4839
10504,2566,2615,5181
11918,2593,2591,5184
7097,2500,2495,4995
11487,2529,2490,5019
10778,2493,2436,4929
13619,2364,2378,4742
3349,2543,2611,5154
11513,2702,2666,5368
3275,2568,2593,5161
3419,2397,2398,4795
10805,2557,2584,5141
11324,2580,2571,5151
10749,2581,2594,5175
12952,2574,2522,5096
10225,2577,2612,5189
15217,2345,2411,4756
12046,2515,2539,5054
13119,2384,2445,4829
4602,2371,2432,4803
11591,2620,2675,5295
3928,2435,2475,4910
13316,2444,2419,4863
3307,2526,2522,5048
3948,2474,2568,5042
10527,2502,2581,5083
14570,2495,2461,4956
14812,2510,2526,5036
12626,2489,2493,4982
10738,2583,2587,5170
13064,2381,2384,4765
14479,2376,2331,4707
6601,2469,2469,4938
11541,2570,2566,5136
12426,2499,2483,4982
12423,2523,2481,5004
12513,2580,2588,5168
12855,2571,2631,5202
10958,2520,2493,5013
13488,2719,2659,5378
12892,2580,2602,5182
10499,2606,2537,5143
11082,2507,2588,5095
11671,2595,2566,5161
10465,2634,2611,5245
6914,2393,2364,4757
13596,2528,2371,4899
13348,2403,2453,4856
13466,2416,2444,4860
6444,2550,2603,5153
12672,2561,2562,5123
11985,2427,2452,4879
13598,2506,2439,4945
14760,2526,2529,5055
12687,2588,2683,5271
13585,2470,2415,4885
12518,2525,2519,5044
3456,2406,2440,4846
3293,2678,2615,5293
13232,2488,2479,4967
6864,2417,2474,4891
12762,2610,2653,5263
12517,2714,2660,5374
6502,2748,2724,5472
14149,2425,2377,4802
13393,2613,2541,5154
13106,2481,2465,4946
6404,2572,2576,5148
11800,2550,2451,5001
15083,2511,2562,5073
11846,2421,2380,4801
11748,2496,2531,5027
10646,2541,2620,5161
15179,2454,2446,4900
10288,2625,2638,5263
11169,2626,2583,5209
11036,2624,2608,5232
11271,2516,2522,5038
15159,2340,2331,4671
12502,2594,2573,5167
13230,2530,2524,5054
7124,2571,2600,5171
14028,2590,2634,5224
14576,2432,2524,4956
13140,2456,2485,4941
12666,2690,2609,5299
12718,2451,2463,4914
14244,2386,2445,4831
14164,2444,2371,4815
6359,2593,2580,5173
14786,2481,2514,4995
14471,2552,2601,5153
12449,2553,2563,5116
12674,2555,2513,5068
6378,2506,2527,5033
14146,2240,2373,4613
14594,2530,2508,5038
12790,2459,2609,5068
12940,2396,2359,4755
13288,2582,2564,5146
13236,2639,2618,5257
12655,2567,2623,5190
13259,2331,2374,4705
15129,2418,2521,4939
12516,2600,2579,5179
6426,2396,2454,4850
13028,2609,2522,5131
13514,2577,2654,5231
11435,2478,2567,5045
6632,2540,2656,5196
13178,2473,2493,4966
12730,2487,2433,4920
13009,\N,2595,2595
11870,2643,2677,5320
13461,2563,2561,5124
6411,2572,2540,5112
14150,2574,2524,5098
6366,2460,2550,5010
6419,2590,2515,5105
6423,2592,2492,5084
13277,2616,2608,5224
14322,2491,2466,4957
14952,2361,2368,4729
6748,2416,2424,4840
6748,2416,2439,4855
7024,2437,2367,4804
14915,2596,2651,5247
14657,2568,2534,5102
14545,2632,2640,5272
14953,2577,2544,5121
13252,2601,2562,5163
6515,2514,2534,5048
14961,2403,2410,4813
13725,2528,2538,5066
6549,2548,2632,5180
14960,2418,2528,4946
13731,2508,2541,5049
14738,2391,2454,4845
14343,2619,2686,5305
14257,2402,2383,4785
14880,2466,2426,4892
14605,2490,2442,4932
14489,2583,2496,5079
14778,2340,2360,4700
13850,2584,2614,5198
14428,2462,2404,4866
14644,2498,2510,5008
7206,2603,2574,5177
6591,2376,2418,4794
15219,2545,2427,4972
11052,2682,2660,5342
6645,2534,2493,5027
6645,2534,2425,4959
7178,2590,2532,5122
6952,2523,2565,5088
7137,2379,2350,4729
6686,2537,2495,5032
7114,2613,2560,5173
14631,2482,2434,4916
14830,2591,2549,5140
6562,2594,2575,5169
6594,2475,2514,4989
6594,2475,2454,4929
6766,2411,2468,4879
6927,2569,2571,5140
6575,2540,2532,5072
7196,2559,2621,5180
6926,2547,2638,5185
7108,2425,2437,4862
14217,2491,2537,5028
6863,2558,2545,5103
6506,2481,2489,4970
7062,2519,2433,4952
7151,2474,2465,4939
15223,2483,2541,5024
6768,2465,2490,4955
6768,2465,2457,4922
7056,2363,2421,4784
6453,2517,2409,4926
6622,2521,2468,4989
14731,2517,2490,5007
7043,2574,2469,5043
7180,2541,2512,5053
14771,2512,2557,5069
14107,2553,2616,5169
11931,2374,2364,4738
11931,2374,2358,4732
6566,2485,2556,5041
10562,2567,2611,5178
3444,2511,2441,4952
6868,2419,2462,4881
15036,2444,2575,5019
6781,2558,2527,5085
14008,2519,2603,5122
14660,2515,2382,4897
11391,2496,2490,4986
7141,2562,2518,5080
15182,2455,2401,4856
14634,2500,2376,4876
6823,2466,2488,4954
7018,2491,2570,5061
7029,2411,2442,4853
14308,2394,2394,4788
6765,2475,2480,4955
6978,2476,2502,4978
13282,2460,2480,4940
6718,2388,2430,4818
6696,2518,2512,5030
6951,2462,2458,4920
6581,2515,2501,5016
7148,2383,2403,4786
14902,2652,2590,5242
6928,2535,2394,4929
13732,2567,2574,5141
7154,2396,2488,4884
6432,2543,2518,5061
13728,2627,2539,5166
7047,2557,2550,5107
6651,2498,2573,5071
14334,2454,2510,4964
14130,2502,2445,4947
6703,2464,2389,4853
10473,2565,2489,5054
14263,2465,2522,4987
11749,2578,2623,5201
7197,2433,2425,4858
7138,2500,2508,5008
14945,2493,2480,4973
14772,2417,2498,4915
6988,2519,2561,5080
13920,2462,2356,4818
6719,2576,2432,5008
7013,2456,2489,4945
11017,2448,2437,4885
6458,2608,2564,5172
6913,2440,2369,4809
6443,2571,2548,5119
6572,2394,2408,4802
7186,2336,2366,4702
7035,2545,2540,5085
11434,2548,2516,5064
6505,2596,2621,5217
13409,2588,2555,5143
13919,2611,2644,5255
3344,2611,2568,5179
3505,2562,2534,5096
3101,2504,2519,5023
3082,2504,2505,5009
3222,2503,2541,5044
3126,2541,2592,5133
6644,2503,2482,4985
6644,2503,2518,5021
7174,2456,2381,4837
6474,2555,2555,5110
3950,2556,2573,5129
3402,2670,2676,5346
11986,2514,2581,5095
3932,2551,2529,5080
11517,2446,2433,4879
3530,2734,2682,5416
11699,2354,2343,4697
3480,2660,2576,5236
10371,2464,2480,4944
3447,2632,2580,5212
10619,2572,2568,5140
11180,2649,2680,5329
12936,2479,2507,4986
3407,2519,2559,5078
11666,2381,2492,4873
10781,2660,2576,5236
6538,2591,2663,5254
10885,2379,2469,4848
3336,2628,2649,5277
14606,2579,2641,5220
12778,2395,2421,4816
10330,2294,2460,4754
13298,2602,2583,5185
12928,2440,2524,4964
15188,2431,2357,4788
10610,2576,2508,5084
12744,2347,2382,4729
13395,2519,2484,5003
10751,2740,2701,5441
3971,2471,2631,5102
11482,2592,2574,5166
3347,2802,2692,5494
3941,2430,2491,4921
10302,2598,2537,5135
3430,2641,2652,5293
3943,2537,2552,5089
14189,2423,2389,4812
15023,2539,2506,5045
10686,2620,2550,5170
6720,2466,2463,4929
10785,2701,2607,5308
3947,2444,2556,5000
11827,2421,2553,4974
3413,2398,2480,4878
12047,2417,2436,4853
12381,2572,2549,5121
14625,2462,2551,5013
14622,2497,2481,4978
11754,2342,2362,4704
12039,2492,2544,5036
6615,2397,2462,4859
7125,2580,2625,5205
15167,2431,2444,4875
14982,2570,2572,5142
12429,2531,2548,5079
12680,2504,2456,4960
11257,2597,2575,5172
10649,2660,2637,5297
10796,2489,2520,5009
13228,2449,2361,4810
3376,2478,2573,5051
3224,2339,2515,4854
15089,2408,2385,4793
11863,2615,2590,5205
11707,2487,2544,5031
14821,2526,2426,4952
11647,2598,2515,5113
15164,2468,2421,4889
6425,2570,2554,5124
14504,2483,2395,4878
11885,2646,2593,5239
10741,2579,2577,5156
12653,2567,2570,5137
14782,2544,2523,5067
15099,2460,2486,4946
14619,2522,2642,5164
15148,2376,2369,4745
11333,2653,2589,5242
12445,2493,2485,4978
13052,2476,2363,4839
13296,2678,2594,5272
12903,2579,2496,5075
13160,2547,2564,5111
12908,2597,2599,5196
12693,2461,2453,4914
12884,2465,2387,4852
15027,2528,2486,5014
11934,2619,2615,5234
12007,2572,2543,5115
3424,2414,2488,4902
10274,2581,2614,5195
14993,2573,2584,5157
6824,2501,2427,4928
13312,2515,2452,4967
6518,2472,2527,4999
7120,2506,2497,5003
14160,2555,2538,5093
14237,2406,2415,4821
13165,2465,2503,4968
14596,2469,2478,4947
14422,2462,2500,4962
6352,2452,2521,4973
14134,2596,2521,5117
12620,2563,2599,5162
12607,2526,2523,5049
13257,2585,2517,5102
12610,2509,2499,5008
3494,2646,2549,5195
13504,2713,2666,5379
14671,2561,2502,5063
12682,2547,2585,5132
15234,2318,2392,4710
15176,2353,2423,4776
13013,2346,2334,4680
14156,2386,2481,4867
14941,2287,2424,4711
13105,2536,2472,5008
14383,2510,2604,5114
13458,2377,2480,4857
12384,2471,2392,4863
14944,2384,2449,4833
12915,2492,2523,5015
12698,2515,2479,4994
14438,2580,2614,5194
6342,2575,2683,5258
6382,2552,2686,5238
6350,2492,2560,5052
14496,\N,2439,2439
6420,2361,2346,4707
6870,2524,2548,5072
12679,2577,2516,5093
12751,2312,2339,4651
14682,2564,2562,5126
14763,2578,2571,5149
14597,2295,2376,4671
15224,2434,2524,4958
14285,2358,2411,4769
15001,2423,2359,4782
12914,2563,2518,5081
14581,2542,2464,5006
14515,2570,2558,5128
11562,2612,2549,5161
6540,2645,2663,5308
15034,2485,2393,4878
14268,2565,2500,5065
13620,2358,2330,4688
14831,2483,2521,5004
14091,2515,2450,4965
14075,2452,2505,4957
13780,2544,2434,4978
14858,2437,2411,4848
14106,2491,2505,4996
15002,2386,2412,4798
14578,2525,2596,5121
14946,2492,2477,4969
6862,2441,2526,4967
7066,2419,2389,4808
14828,2524,2478,5002
6853,2560,2550,5110
6853,2560,2567,5127
6909,2578,2654,5232
6662,2551,2541,5092
6884,2420,2545,4965
6982,2375,2402,4777
6714,2411,2335,4746
6944,2574,2551,5125
13915,2557,2574,5131
12487,2522,2461,4983
7192,2634,2603,5237
14560,2369,2338,4707
14195,2485,2459,4944
6659,2420,2311,4731
6921,2452,2499,4951
6571,2452,2565,5017
6647,2536,2425,4961
6647,2536,2393,4929
6441,2700,2681,5381
14816,2561,2588,5149
14601,2466,2406,4872
6670,2501,2482,4983
14832,2461,2430,4891
6483,2654,2615,5269
7102,2547,2528,5075
14959,2382,2377,4759
14433,2470,2468,4938
6598,2451,2506,4957
6638,2338,2310,4648
14918,2541,2512,5053
6527,2617,2600,5217
14564,2516,2571,5087
6698,2568,2517,5085
6757,2519,2490,5009
6480,2507,2514,5021
14628,2528,2588,5116
6439,2668,2701,5369
6438,2571,2615,5186
6898,2572,2606,5178
7128,2474,2483,4957
6912,2429,2370,4799
6642,2473,2519,4992
6642,2473,2549,5022
7044,2508,2525,5033
14764,2584,2564,5148
14510,2482,2456,4938
10920,2447,2448,4895
3281,2588,2480,5068
6666,2538,2497,5035
6595,2414,2528,4942
14556,2532,2568,5100
14949,2453,2550,5003
7070,2457,2371,4828
6461,2518,2525,5043
7193,2476,2475,4951
15205,2454,2486,4940
7002,2493,2493,4986
6743,2459,2417,4876
6569,2503,2526,5029
13472,2464,2561,5025
11237,2618,2539,5157
13777,2552,2539,5091
6469,2546,2630,5176
14426,2582,2567,5149
6431,2543,2587,5130
11575,2562,2621,5183
6654,2530,2567,5097
6801,2534,2542,5076
11940,2459,2474,4933
7026,2515,2582,5097
7182,2545,2530,5075
15177,2502,2532,5034
14954,2602,2662,5264
13556,2541,2491,5032
6755,2507,2435,4942
6755,2507,2505,5012
13414,2498,2489,4987
14875,2495,2512,5007
7075,2553,2515,5068
14685,2527,2451,4978
3387,2621,2718,5339
12252,2356,2406,4762
7054,2496,2514,5010
14094,2517,2528,5045
6751,2603,2623,5226
7010,2397,2353,4750
6558,2615,2584,5199
7159,2457,2449,4906
3199,2537,2528,5065
14849,2543,2669,5212
14125,2550,2565,5115
14838,2410,2402,4812
3212,2692,2512,5204
14537,2584,2623,5207
7005,2432,2475,4907
6525,2611,2561,5172
3540,2645,2549,5194
11894,2524,2556,5080
4569,2549,2593,5142
3434,2528,2467,4995
11960,2370,2546,4916
11979,2562,2542,5104
10296,2619,2608,5227
11911,2457,2460,4917
13000,2565,2587,5152
3440,2628,2537,5165
6451,2542,2618,5160
3334,2792,2760,5552
3346,2608,2616,5224
11506,2425,2460,4885
15094,2513,2534,5047
11738,2375,2370,4745
15109,2490,2442,4932
14809,2507,2540,5047
11547,2587,2581,5168
11766,2481,2577,5058
11884,2613,2584,5197
10717,2505,2396,4901
10799,2661,2633,5294
15087,2457,2481,4938
14987,2497,2595,5092
13003,2461,2494,4955
11313,2537,2512,5049
10567,\N,2653,2653
12838,2556,2516,5072
13411,2521,2553,5074
11797,2383,2454,4837
12763,2531,2599,5130
12002,2575,2561,5136
3489,2641,2581,5222
10374,2488,2504,4992
14788,2363,2482,4845
3283,2736,2660,5396
11923,2491,2466,4957
13323,2463,2512,4975
13274,2637,2673,5310
10829,2544,2605,5149
12020,2450,2411,4861
14697,2484,2533,5017
12888,2614,2599,5213
13169,2541,2584,5125
10983,2664,2654,5318
10273,2583,2596,5179
13242,2426,2503,4929
10363,2642,2614,5256
13172,2470,2510,4980
11777,2501,2493,4994
11832,2615,2600,5215
11879,2568,2579,5147
14103,2511,2484,4995
12568,2514,2540,5054
14524,2421,2407,4828
11469,2509,2517,5026
12791,2414,2455,4869
12890,2662,2697,5359
6876,2490,2471,4961
14813,2579,2575,5154
15019,2382,2429,4811
13311,2471,2488,4959
6553,2503,2586,5089
12802,2484,2535,5019
12500,2538,2521,5059
12784,2552,2547,5099
13180,2517,2449,4966
10221,2592,2607,5199
11746,2559,2595,5154
7202,2525,2560,5085
6386,2484,2478,4962
13174,2580,2629,5209
14701,2485,2510,4995
13225,2563,2566,5129
12023,2268,2377,4645
13313,2572,2517,5089
12732,2475,2443,4918
12641,2561,2471,5032
12425,2564,2590,5154
12727,2421,2449,4870
10782,2624,2571,5195
13059,2442,2415,4857
13717,2563,2522,5085
15170,2405,2450,4855
15033,2515,2497,5012
14407,2585,2511,5096
12377,2406,2448,4854
12418,2516,2465,4981
14269,2540,2534,5074
11719,2541,2525,5066
10286,2563,2628,5191
13079,2668,2663,5331
13529,2570,2534,5104
12998,2357,2346,4703
13576,2517,2449,4966
14165,2499,2555,5054
11119,2527,2612,5139
14572,2473,2553,5026
15042,2456,2533,4989
13475,2424,2448,4872
14375,2298,2416,4714
14235,2490,2534,5024
14377,2309,2427,4736
14372,2416,2438,4854
15098,2599,2640,5239
6393,2614,2640,5254
6351,2479,2560,5039
13380,2418,2337,4755
14511,2364,2399,4763
6339,2565,2546,5111
15103,2561,2565,5126
12835,2659,2637,5296
6875,2590,2651,5241
14646,2535,2549,5084
11893,2382,2319,4701
11893,2382,2252,4634
6585,2447,2423,4870
14658,2619,2597,5216
14950,2429,2357,4786
6490,2429,2472,4901
7028,2463,2478,4941
14109,2453,2335,4788
14635,2596,2548,5144
15016,2514,2610,5124
14571,2326,2353,4679
13918,2571,2556,5127
15233,2397,2381,4778
14636,2491,2483,4974
14767,2403,2386,4789
14425,2415,2420,4835
14079,2505,2440,4945
14548,2584,2541,5125
6629,2486,2440,4926
6807,2578,2508,5086
6817,2618,2623,5241
6899,2441,2487,4928
14693,2532,2545,5077
6791,2499,2446,4945
6667,2393,2428,4821
6970,2516,2520,5036
7188,2480,2560,5040
6744,2574,2458,5032
6744,2574,2484,5058
7025,2522,2572,5094
7167,2559,2534,5093
6713,2551,2532,5083
15216,2502,2479,4981
10633,2587,2555,5142
6485,2626,2614,5240
6582,2584,2583,5167
6582,2584,2583,5167
6430,2469,2441,4910
7059,2621,2597,5218
13600,2619,2559,5178
13935,2403,2402,4805
13542,2507,2663,5170
6969,2431,2472,4903
13537,2387,2382,4769
6660,2566,2623,5189
14396,2481,2503,4984
7060,2497,2479,4976
6964,2407,2452,4859
7076,2504,2516,5020
6828,2504,2566,5070
13310,2597,2613,5210
12042,2524,2573,5097
6695,2449,2488,4937
7091,2585,2486,5071
14815,2676,2672,5348
6987,2421,2442,4863
7023,2472,2457,4929
7067,2650,2586,5236
6994,2443,2538,4981
14197,2522,2517,5039
6874,2602,2537,5139
6433,2506,2524,5030
13533,2451,2416,4867
13533,2451,2398,4849
6820,2443,2465,4908
6576,2379,2297,4676
6953,2522,2568,5090
15201,2591,2625,5216
6661,2490,2481,4971
14676,2500,2425,4925
6992,2429,2423,4852
6934,2569,2575,5144
6878,2520,2541,5061
14750,2415,2395,4810
11938,2518,2492,5010
13562,2467,2463,4930
13562,2467,2514,4981
6555,2538,2482,5020
7147,2561,2536,5097
13177,2378,2563,4941
6991,2517,2541,5058
6646,2402,2452,4854
6646,2402,2439,4841
7077,2621,2637,5258
13940,2494,2311,4805
7106,2624,2576,5200
6932,2561,2553,5114
11888,2573,2501,5074
6491,2480,2464,4944
14540,2579,2526,5105
14991,2428,2417,4845
7050,2583,2647,5230
7131,2497,2498,4995
14532,2601,2607,5208
6428,2575,2638,5213
15207,2458,2499,4957
14690,2513,2553,5066
6962,2463,2521,4984
14296,2443,2450,4893
7140,2520,2527,5047
14012,2545,2572,5117
6736,2545,2557,5102
6484,2531,2581,5112
6802,2621,2563,5184
7163,2522,2538,5060
6998,2525,2618,5143
3075,2596,2632,5228
13846,2664,2646,5310
14661,2517,2464,4981
3454,2605,2605,5210
7099,2403,2345,4748
7157,2537,2464,5001
13939,2574,2585,5159
12041,2467,2451,4918
6877,2492,2410,4902
14140,2414,2494,4908
6881,2530,2593,5123
4567,2642,2649,5291
3129,2600,2516,5116
14947,2292,2406,4698
7039,2488,2450,4938
3164,2605,2509,5114
13326,2392,2412,4804
11932,2515,2603,5118
14088,2269,2343,4612
3287,2507,2472,4979
3484,2630,2628,5258
3525,2578,2586,5164
3345,2611,2679,5290
4593,2489,2581,5070
3331,2644,2650,5294
3381,2713,2648,5361
11845,2329,2458,4787
10402,2454,2477,4931
12017,2440,2535,4975
13506,2556,2477,5033
3490,2482,2386,4868
3437,2646,2679,5325
10651,2583,2651,5234
10828,2486,2539,5025
4585,2435,2447,4882
3317,2717,2731,5448
3961,2433,2472,4905
3507,2723,2651,5374
3470,2559,2490,5049
3201,2487,2429,4916
14608,2578,2505,5083
10750,2503,2538,5041
3479,2659,2617,5276
11853,2486,2455,4941
11798,2587,2562,5149
12811,2530,2498,5028
13572,2473,2349,4822
11278,2630,2573,5203
3329,2572,2511,5083
11833,2494,2516,5010
10895,2620,2667,5287
10848,2439,2464,4903
3531,2659,2613,5272
3938,2679,2646,5325
3382,2729,2636,5365
3448,2731,2646,5377
7048,2644,2637,5281
6971,2432,2409,4841
14441,2290,2348,4638
14210,2475,2527,5002
14115,2542,2465,5007
11942,2358,2469,4827
11700,2617,2584,5201
15222,2498,2501,4999
11731,2299,2426,4725
13494,2512,2494,5006
12040,2474,2392,4866
11962,2389,2367,4756
11309,2376,2532,4908
11057,2579,2467,5046
13293,2573,2537,5110
13224,2598,2603,5201
13226,2354,2390,4744
10855,2673,2663,5336
12014,2508,2403,4911
11830,2467,2543,5010
13325,2611,2505,5116
13087,2590,2557,5147
12497,2418,2501,4919
12994,2583,2575,5158
12611,2584,2607,5191
14602,2522,2554,5076
13453,2600,2448,5048
13374,2639,2627,5266
13595,2488,2479,4967
14893,2531,2521,5052
10863,2634,2613,5247
11991,2600,2528,5128
13512,2420,2564,4984
12524,2609,2544,5153
14453,2250,2403,4653
11859,2550,2557,5107
6418,2578,2596,5174
13007,2538,2648,5186
6552,2530,2578,5108
12748,2456,2475,4931
12031,2509,2547,5056
11113,2596,2625,5221
14276,2445,2517,4962
11538,2561,2598,5159
13027,2586,2495,5081
3290,2410,2453,4863
14784,2344,2303,4647
14804,2506,2601,5107
7112,2492,2440,4932
14431,2481,2407,4888
12566,2462,2483,4945
10190,2515,2556,5071
13131,2483,2578,5061
13500,2482,2462,4944
6384,2530,2535,5065
12386,2482,2473,4955
12783,2634,2570,5204
12909,2385,2432,4817
13048,2622,2619,5241
6340,2677,2565,5242
11576,2627,2626,5253
14981,2593,2585,5178
14470,2425,2459,4884
12847,2659,2647,5306
13141,2460,2599,5059
12706,2313,2414,4727
12654,2610,2540,5150
12597,2616,2493,5109
12049,2610,2541,5151
12439,2597,2555,5152
12942,2578,2533,5111
10509,2396,2405,4801
13340,2521,2528,5049
12896,2572,2540,5112
14181,2561,2649,5210
15067,2521,2448,4969
15226,2472,2537,5009
14122,2427,2541,4968
14129,2489,2355,4844
6678,2531,2474,5005
13295,2498,2459,4957
13084,2407,2465,4872
12683,2568,2562,5130
11862,2527,2545,5072
12441,2591,2601,5192
14589,2550,2557,5107
13588,2501,2491,4992
14411,2422,2461,4883
6371,2499,2558,5057
13187,2488,2449,4937
6349,2420,2402,4822
6388,2460,2468,4928
6407,2589,2596,5185
14339,2532,2562,5094
6361,2588,2627,5215
3944,2397,2484,4881
15011,2613,2608,5221
6363,2459,2502,4961
6396,2495,2546,5041
6394,2566,2547,5113
12402,2340,2351,4691
15162,2491,2511,5002
13405,2496,2522,5018
15075,2397,2419,4816
12900,2496,2501,4997
13581,2477,2511,4988
13358,2360,2311,4671
14567,2521,2637,5158
14514,2483,2460,4943
14547,2456,2489,4945
13722,2486,2427,4913
14483,2489,2542,5031
13263,2468,2446,4914
13719,2527,2510,5037
13726,2570,2545,5115
12025,2375,2416,4791
6556,2470,2346,4816
15041,2480,2475,4955
10922,2458,2422,4880
11645,2369,2471,4840
11398,2525,2513,5038
14521,2540,2525,5065
14680,2456,2448,4904
14474,2467,2475,4942
15236,2667,2569,5236
14203,2526,2571,5097
13703,2498,2537,5035
14613,2622,2643,5265
6498,2560,2531,5091
6463,2652,2674,5326
6457,2581,2631,5212
12677,2676,2632,5308
6649,2350,2415,4765
6554,2565,2518,5083
6857,2519,2536,5055
15039,2431,2444,4875
7042,2557,2495,5052
6462,2628,2586,5214
15015,2518,2473,4991
10460,2486,2372,4858
14317,2510,2456,4966
13415,2497,2438,4935
6683,2558,2557,5115
6754,2444,2506,4950
6754,2444,2448,4892
7146,2470,2421,4891
6929,2478,2419,4897
6633,2387,2359,4746
6690,2491,2463,4954
6435,2458,2537,4995
14148,2525,2530,5055
6996,2498,2433,4931
14224,2484,2526,5010
7104,2561,2562,5123
14508,2390,2371,4761
14119,2463,2397,4860
6774,2401,2500,4901
6473,2455,2508,4963
6747,2409,2417,4826
6747,2409,2326,4735
11874,2617,2545,5162
6787,2533,2575,5108
6776,2422,2379,4801
7083,2492,2633,5125
11912,2512,2486,4998
6606,2413,2369,4782
6606,2413,2351,4764
6734,2493,2436,4929
7084,2579,2610,5189
6833,2482,2471,4953
13536,2533,2536,5069
13536,2533,2612,5145
7037,2552,2525,5077
7093,2659,2643,5302
6750,2462,2417,4879
6750,2462,2456,4918
6861,2514,2474,4988
7090,2437,2443,4880
6886,2651,2625,5276
7134,2527,2453,4980
12941,2413,2416,4829
12405,2483,2585,5068
14647,2613,2634,5247
14963,2400,2339,4739
6859,2455,2491,4946
13331,2550,2627,5177
6999,2428,2568,4996
6738,2599,2552,5151
14509,2550,2416,4966
6836,2427,2537,4964
6997,2480,2496,4976
6920,2551,2618,5169
11866,2595,2559,5154
6716,2582,2478,5060
6890,2635,2506,5141
7149,2545,2595,5140
14643,2432,2513,4945
6905,2557,2494,5051
7199,2611,2494,5105
6636,2500,2463,4963
7172,2475,2428,4903
13526,2476,2512,4988
6983,2503,2544,5047
6779,2600,2574,5174
14582,2505,2519,5024
14455,2472,2379,4851
11968,2474,2484,4958
13937,2463,2467,4930
14409,2398,2347,4745
6650,2516,2484,5000
6938,2471,2438,4909
6946,2576,2611,5187
14432,2468,2392,4860
14819,2452,2525,4977
6532,2475,2397,4872
3168,2533,2666,5199
11943,2448,2388,4836
14673,2524,2535,5059
10240,2543,2542,5085
6822,2402,2433,4835
7136,2475,2538,5013
14526,2565,2564,5129
12043,2429,2438,4867
14870,2410,2404,4814
14111,2523,2527,5050
14299,2483,2477,4960
14640,2549,2615,5164
6888,2507,2505,5012
6449,2519,2529,5048
6741,2455,2427,4882
6837,2558,2608,5166
13621,2336,2308,4644
6900,2534,2536,5070
14009,2419,2422,4841
11974,2452,2561,5013
6797,2434,2476,4910
14314,2481,2445,4926
7036,2452,2494,4946
6810,2403,2335,4738
6753,2434,2425,4859
6753,2434,2451,4885
7089,2533,2551,5084
6800,2529,2445,4974
15206,2366,2435,4801
11678,2526,2544,5070
14609,2543,2514,5057
3184,2630,2636,5266
3319,2542,2535,5077
12883,2409,2440,4849
10957,2650,2630,5280
3545,2570,2553,5123
3551,2698,2734,5432
11168,2732,2651,5383
13278,2694,2644,5338
13247,2539,2550,5089
11765,2424,2449,4873
11372,2678,2630,5308
11735,2525,2559,5084
3460,2476,2510,4986
3342,2395,2595,4990
11716,2388,2517,4905
13234,2367,2485,4852
3296,2406,2467,4873
11948,2555,2523,5078
13398,2478,2560,5038
3464,2686,2508,5194
11778,2530,2568,5098
13511,2319,2455,4774
13434,2565,2578,5143
14550,2373,2472,4845
11401,2584,2635,5219
13356,2539,2521,5060
14527,2362,2461,4823
11215,2684,2692,5376
11260,2711,2634,5345
12899,2447,2427,4874
13583,2592,2574,5166
15101,2508,2472,4980
3486,2383,2463,4846
15081,2600,2593,5193
6986,2489,2563,5052
11764,2489,2544,5033
3313,2660,2664,5324
3354,2371,2488,4859
12944,2394,2458,4852
10348,2500,2529,5029
14630,2674,2673,5347
11871,2580,2536,5116
11698,2409,2472,4881
14171,2319,2372,4691
10664,2609,2558,5167
13343,2530,2497,5027
15032,2375,2549,4924
10189,2630,2583,5213
10497,2536,2502,5038
12578,2536,2514,5050
12793,2455,2449,4904
11939,2404,2390,4794
10694,2588,2599,5187
12885,2466,2572,5038
3274,2642,2642,5284
10409,2604,2519,5123
11744,2493,2543,5036
11347,2643,2663,5306
10328,2627,2680,5307
13267,2585,2588,5173
11889,2460,2456,4916
11706,2533,2599,5132
11697,2547,2663,5210
14806,2378,2450,4828
12858,2464,2468,4932
11771,2489,2539,5028
12036,2594,2623,5217
11795,2390,2410,4800
14783,2373,2456,4829
11063,2321,2406,4727
15136,2565,2598,5163
13354,2380,2444,4824
12416,2626,2632,5258
12453,2506,2502,5008
14852,2456,2451,4907
12015,2526,2559,5085
14840,2513,2476,4989
14919,2446,2464,4910
12912,2630,2677,5307
14202,2527,2483,5010
11056,2456,2500,4956
13253,2576,2572,5148
12690,2346,2280,4626
13186,2285,2438,4723
13039,2561,2575,5136
10822,2665,2673,5338
14142,2375,2424,4799
13569,2425,2451,4876
12962,2530,2590,5120
11759,2470,2543,5013
3273,2489,2441,4930
12808,2558,2622,5180
11756,2543,2540,5083
10930,2342,2447,4789
13483,2480,2597,5077
12379,2450,2417,4867
14162,2566,2638,5204
12676,2600,2594,5194
14725,2478,2469,4947
13094,2399,2456,4855
12608,2547,2520,5067
6373,2495,2469,4964
14835,2599,2622,5221
14879,2529,2450,4979
12508,2553,2572,5125
14983,2454,2495,4949
12813,2560,2608,5168
12925,2604,2613,5217
13238,2442,2452,4894
12686,2693,2651,5344
13580,2622,2478,5100
12869,2517,2678,5195
12943,2534,2450,4984
12664,2611,2609,5220
7169,2456,2460,4916
6852,2390,2335,4725
6852,2390,2365,4755
14800,2368,2528,4896
12700,2434,2419,4853
12503,2633,2549,5182
12695,2563,2567,5130
13350,2571,2487,5058
3339,2463,2543,5006
12916,2445,2479,4924
14093,2422,2427,4849
6985,2494,2405,4899
15128,2265,2312,4577
12696,2458,2379,4837
6345,2440,2477,4917
6611,2440,2434,4874
6362,2548,2516,5064
11753,2526,2572,5098
12977,2460,2541,5001
3952,2569,2584,5153
14301,2528,2493,5021
14768,2406,2404,4810
6966,2478,2472,4950
15161,2503,2486,4989
14562,2473,2506,4979
14565,2441,2566,5007
3310,2651,2630,5281
14584,2496,2563,5059
14593,2521,2565,5086
14710,2397,2445,4842
15082,2444,2447,4891
14748,2477,2499,4976
14599,2531,2485,5016
15040,2420,2336,4756
14920,2538,2537,5075
13737,2566,2599,5165
14882,2556,2542,5098
14166,2350,2466,4816
12954,2701,2588,5289
14714,2345,2368,4713
14664,2453,2419,4872
3316,2584,2574,5158
13941,2600,2577,5177
14638,2369,2321,4690
13936,2480,2502,4982
13931,2474,2464,4938
14138,2394,2519,4913
14749,2347,2327,4674
13754,2547,2458,5005
14458,2447,2441,4888
14307,2457,2440,4897
10948,2446,2418,4864
6825,2576,2481,5057
6442,2634,2680,5314
6446,2489,2489,4978
6509,2497,2520,5017
7198,2502,2515,5017
7098,2434,2456,4890
14675,2548,2478,5026
14857,2507,2358,4865
14955,2463,2514,4977
6860,2493,2414,4907
14096,2533,2574,5107
7177,2483,2510,4993
6456,2538,2610,5148
14429,2471,2412,4883
14665,2503,2515,5018
14669,2527,2495,5022
6908,2288,2366,4654
7110,2502,2561,5063
13375,2573,2557,5130
13733,2611,2662,5273
6454,2569,2505,5074
6702,2478,2512,4990
7057,2294,2305,4599
14273,2400,2330,4730
6901,2588,2617,5205
14488,2471,2533,5004
14737,2440,2431,4871
7069,2571,2500,5071
6531,2494,2562,5056
7046,2531,2531,5062
14478,2351,2374,4725
11177,2543,2508,5051
14579,2554,2493,5047
7049,2550,2478,5028
6799,2614,2605,5219
14752,2426,2430,4856
14117,2442,2541,4983
6959,2460,2513,4973
6617,2489,2418,4907
7027,2454,2439,4893
6842,2498,2492,4990
14302,2517,2495,5012
14600,2429,2444,4873
6906,2589,2547,5136
14230,2639,2575,5214
6583,2518,2519,5037
6583,2518,2538,5056
12000,2469,2446,4915
14192,2594,2605,5199
6904,2511,2445,4956
6818,2464,2495,4959
14943,2451,2433,4884
6537,2506,2548,5054
6684,2554,2570,5124
6603,2445,2466,4911
14911,2612,2617,5229
6542,2495,2509,5004
13307,2469,2550,5019
6892,2539,2527,5066
6895,2511,2459,4970
6608,2461,2461,4922
6608,2461,2466,4927
6848,2573,2558,5131
14507,2556,2392,4948
14258,2485,2516,5001
7031,2501,2524,5025
14513,2520,2476,4996
15100,2399,2435,4834
14627,2558,2546,5104
7072,2513,2516,5029
6586,2603,2587,5190
7030,2556,2510,5066
6793,2416,2416,4832
6965,2452,2475,4927
6707,2513,2485,4998
6679,2507,2500,5007
15149,2613,2639,5252
6620,2335,2373,4708
14623,2621,2583,5204
6522,2585,2534,5119
7082,2518,2578,5096
6936,2383,2389,4772
6597,2418,2400,4818
6597,2418,2416,4834
6455,2461,2494,4955
6681,2546,2603,5149
6493,2489,2445,4934
15698,2507,2558,5065
7096,2493,2525,5018
6699,2470,2385,4855
14294,2467,2431,4898
13534,2417,2454,4871
6949,2445,2428,4873
7101,2549,2496,5045
7087,2529,2448,4977
13433,2427,2412,4839
13433,2427,2429,4856
6657,2596,2538,5134
3945,2470,2508,4978
10525,2583,2554,5137
6819,2418,2452,4870
13183,2454,2478,4932
6341,2509,2437,4946
3328,2505,2566,5071
14141,2401,2424,4825
6478,2604,2599,5203
15104,2577,2625,5202
3542,2554,2588,5142
3371,2664,2654,5318
3513,2617,2581,5198
14814,2331,2284,4615
3511,2743,2660,5403
10265,2639,2626,5265
3405,2575,2520,5095
11945,2567,2659,5226
11414,2523,2509,5032
11904,2573,2556,5129
15146,2503,2459,4962
11978,2461,2458,4919
3367,2681,2608,5289
10683,2736,2718,5454
11570,2533,2550,5083
11507,2485,2389,4874
6950,2480,2423,4903
3289,2407,2474,4881
11696,2584,2636,5220
10503,2645,2742,5387
3532,2491,2423,4914
13093,2570,2637,5207
11825,2582,2599,5181
11713,2480,2484,4964
11594,2606,2605,5211
11758,2405,2387,4792
12022,2332,2417,4749
11430,2574,2568,5142
12893,2543,2620,5163
3482,2461,2489,4950
11131,2446,2526,4972
11736,2608,2543,5151
13275,2532,2518,5050
3364,2496,2419,4915
12008,2430,2479,4909
10669,2545,2502,5047
6803,2559,2441,5000
13464,2580,2550,5130
15212,2261,2340,4601
14543,2461,2376,4837
10281,2387,2510,4897
14523,2476,2479,4955
11066,2567,2496,5063
11577,2528,2511,5039
12688,2555,2521,5076
10244,2700,2564,5264
10252,2582,2589,5171
11426,2600,2573,5173
11927,2505,2528,5033
11854,2538,2527,5065
13501,2536,2564,5100
15169,2517,2578,5095
14817,2362,2383,4745
11712,2508,2570,5078
13324,2555,2546,5101
12867,2553,2674,5227
14807,2318,2397,4715
13328,2475,2635,5110
11823,2505,2598,5103
15116,2434,2454,4888
13575,2492,2477,4969
12975,2575,2559,5134
12612,2495,2487,4982
12562,2506,2452,4958
13558,2457,2480,4937
13489,2488,2484,4972
10205,2589,2559,5148
13577,2543,2535,5078
13408,2396,2484,4880
11263,2390,2473,4863
12817,2566,2576,5142
10878,2617,2581,5198
12421,2557,2627,5184
13545,2560,2533,5093
6395,2504,2521,5025
6500,2638,2639,5277
14484,2456,2537,4993
7123,2487,2473,4960
15180,2583,2564,5147
6507,2666,2591,5257
13109,2508,2598,5106
14539,2337,2478,4815
14490,2515,2562,5077
14243,2533,2549,5082
14186,2576,2581,5157
12917,2414,2317,4731
11299,2519,2475,4994
13163,2540,2621,5161
12237,2514,2544,5058
13412,2590,2586,5176
13265,2588,2456,5044
14615,2517,2549,5066
14187,2483,2478,4961
15119,2513,2545,5058
12662,2542,2579,5121
14827,2398,2452,4850
15035,2405,2417,4822
12512,2594,2551,5145
13060,2291,2449,4740
6513,2527,2560,5087
6849,2592,2492,5084
14161,2604,2606,5210
13162,2656,2670,5326
12248,2575,2590,5165
14241,2466,2405,4871
14242,2583,2571,5154
6409,2583,2576,5159
14315,2615,2535,5150
6401,2461,2510,4971
6347,2468,2588,5056
6402,2638,2672,5310
6415,2564,2548,5112
6405,2651,2639,5290
6398,2422,2470,4892
6383,2534,2467,5001
13082,2663,2631,5294
13397,2433,2397,4830
6512,2575,2607,5182
6390,2618,2602,5220
12945,2523,2522,5045
13179,2372,2422,4794
12694,2527,2532,5059
14245,2340,2409,4749
13250,2413,2482,4895
10976,2397,2326,4723
14951,2348,2388,4736
14678,2560,2515,5075
10857,2509,2454,4963
14108,2523,2392,4915
7173,2475,2370,4845
14236,2429,2384,4813
13734,2543,2546,5089
13921,2525,2567,5092
14459,2499,2486,4985
14493,2523,2465,4988
6570,2473,2448,4921
14703,2481,2515,4996
11936,2585,2621,5206
14859,2570,2612,5182
14267,2412,2315,4727
14588,2369,2412,4781
15241,2525,2605,5130
14132,2468,2409,4877
3359,2619,2622,5241
15037,2478,2539,5017
6872,2452,2511,4963
14577,2501,2488,4989
6437,2634,2648,5282
14254,2576,2514,5090
7034,2556,2527,5083
6547,2470,2482,4952
6530,2560,2643,5203
6676,2471,2456,4927
14193,2449,2434,4883
13390,2602,2547,5149
6815,2587,2504,5091
6746,2512,2542,5054
6746,2512,2552,5064
6941,2540,2524,5064
7085,2567,2546,5113
6452,2589,2683,5272
14359,2645,2604,5249
7175,2476,2560,5036
6715,2517,2415,4932
6545,2580,2606,5186
6494,2478,2418,4896
14234,2393,2372,4765
7038,2508,2544,5052
7012,2389,2409,4798
7012,2389,2412,4801
6780,2553,2541,5094
6795,2513,2598,5111
7130,2449,2526,4975
14632,2460,2514,4974
7135,2534,2581,5115
14212,2450,2520,4970
6945,2502,2553,5055
14482,2488,2456,4944
7133,2484,2434,4918
14790,2448,2422,4870
7092,2530,2485,5015
14989,2509,2469,4978
6668,2557,2511,5068
11867,2464,2465,4929
6829,2558,2539,5097
6832,2465,2516,4981
6977,2492,2524,5016
6782,2571,2552,5123
7081,2659,2649,5308
3350,2453,2630,5083
6477,2518,2484,5002
6602,2475,2399,4874
6602,2475,2437,4912
6871,2469,2378,4847
7063,2606,2570,5176
7153,2484,2438,4922
13100,2511,2537,5048
6948,2519,2613,5132
14649,2494,2451,4945
6957,2478,2546,5024
14434,2548,2450,4998
11892,2605,2599,5204
12904,2517,2636,5153
11880,2557,2500,5057
14177,2599,2564,5163
6600,2540,2525,5065
6600,2540,2542,5082
6840,2443,2588,5031
7088,2654,2594,5248
11090,2560,2501,5061
6481,2378,2313,4691
13417,2419,2359,4778
6935,2456,2484,4940
6827,2449,2424,4873
14705,2558,2535,5093
6903,2527,2612,5139
3389,2528,2527,5055
14794,2427,2364,4791
7064,2581,2550,5131
14194,2608,2583,5191
6534,2418,2399,4817
6534,2418,2467,4885
13276,2492,2475,4967
7100,2576,2549,5125
7165,2495,2451,4946
6778,2451,2484,4935
14702,2434,2376,4810
6911,2465,2506,4971
6954,2389,2463,4852
14558,2407,2467,4874
7179,2547,2517,5064
6984,2472,2575,5047
6958,2574,2564,5138
7053,2555,2545,5100
6816,2493,2507,5000
14120,2452,2421,4873
6937,2492,2593,5085
6578,2385,2342,4727
6742,2451,2470,4921
12785,2517,2598,5115
12387,2568,2517,5085
15135,2478,2374,4852
6579,2496,2557,5053
13020,2386,2371,4757
7155,2521,2421,4942
6503,2491,2588,5079
15144,2404,2472,4876
6627,2461,2421,4882
14569,2421,2464,4885
6733,2571,2628,5199
6830,2495,2443,4938
6634,2577,2640,5217
15000,2394,2392,4786
14412,2521,2559,5080
6543,2471,2470,4941
7189,2534,2586,5120
3463,2648,2553,5201
3175,2508,2556,5064
3380,2660,2666,5326
3527,2617,2612,5229
3466,2327,2500,4827
11981,2341,2582,4923
3309,2364,2577,4941
3555,2633,2584,5217
3524,2622,2600,5222
13327,2401,2425,4826
3523,2765,2624,5389
10519,2721,2612,5333
11903,2706,2641,5347
11896,2471,2550,5021
3557,2680,2719,5399
3478,2578,2566,5144
3384,2371,2486,4857
3465,2691,2644,5335
3330,2654,2652,5306
15145,2313,2385,4698
14476,2483,2526,5009
3546,2670,2649,5319
10625,2561,2550,5111
13266,2298,2451,4749
12530,2485,2540,5025
10946,2380,2525,4905
13085,2352,2418,4770
15117,2414,2460,4874
11046,2665,2664,5329
13305,2614,2627,5241
14670,2423,2368,4791
11755,2401,2514,4915
13268,2347,2449,4796
4570,2467,2522,4989
3946,2271,2471,4742
11028,2616,2602,5218
11363,2623,2606,5229
3423,2678,2516,5194
11949,2487,2607,5094
14533,2459,2516,4975
12594,2525,2539,5064
11452,2525,2551,5076
13026,2483,2535,5018
10720,2614,2603,5217
10939,2639,2584,5223
11125,2563,2566,5129
13492,2437,2456,4893
12675,2597,2559,5156
6551,2576,2665,5241
10333,2754,2689,5443
12788,2483,2549,5032
11670,2551,2524,5075
10754,2575,2603,5178
11720,2568,2564,5132
11688,2482,2509,4991
11451,2508,2517,5025
11011,2629,2532,5161
11775,2603,2585,5188
13067,2603,2580,5183
12415,2580,2484,5064
12697,2492,2555,5047
12413,2476,2548,5024
11086,2637,2607,5244
15160,2452,2398,4850
12805,2372,2415,4787
6346,2568,2579,5147
12588,2556,2556,5112
11726,2599,2616,5215
13056,2748,2724,5472
12806,2542,2667,5209
11740,2497,2542,5039
11534,2603,2574,5177
15102,2520,2594,5114
13589,2553,2484,5037
14985,2606,2553,5159
11679,2538,2600,5138
3363,2417,2500,4917
12400,2451,2439,4890
6385,2545,2562,5107
12521,2553,2529,5082
14502,2612,2614,5226
13349,2624,2533,5157
12323,2353,2330,4683
12708,2571,2604,5175
11937,2495,2388,4883
14323,2613,2606,5219
14518,2490,2392,4882
6499,2416,2462,4878
13387,2571,2578,5149
12613,2696,2711,5407
6372,2545,2587,5132
13495,2606,2618,5224
12673,2585,2635,5220
6397,2599,2533,5132
12829,2589,2563,5152
12378,2663,2600,5263
11920,2445,2500,4945
12702,2449,2309,4758
12609,2491,2561,5052
15092,2612,2582,5194
12380,2628,2591,5219
14598,2602,2642,5244
12868,2563,2517,5080
15142,2294,2423,4717
13235,2494,2632,5126
6520,2513,2589,5102
12947,2576,2616,5192
12375,2493,2408,4901
6344,2445,2455,4900
6368,2464,2506,4970
6421,2649,2673,5322
6348,2495,2545,5040
13144,2458,2437,4895
6387,2505,2628,5133
6357,2626,2573,5199
6353,2642,2663,5305
6399,2557,2634,5191
6376,2538,2491,5029
6380,2521,2531,5052
14151,2593,2507,5100
6360,2475,2475,4950
13102,2600,2608,5208
6508,2533,2469,5002
13519,2490,2535,5025
14467,2471,2547,5018
14137,2532,2492,5024
15097,2504,2599,5103
10357,2608,2704,5312
6772,2509,2522,5031
6772,2509,2509,5018
11741,2562,2577,5139
14689,2461,2482,4943
10192,2517,2472,4989
11855,2450,2414,4864
6521,2611,2511,5122
13926,2613,2594,5207
14362,2544,2533,5077
14092,2507,2534,5041
14116,2460,2398,4858
7118,2527,2474,5001
14256,2381,2329,4710
14626,2585,2556,5141
13715,2572,2600,5172
15058,2489,2435,4924
14173,2483,2484,4967
14965,2352,2443,4795
14580,2489,2555,5044
13741,2554,2531,5085
13718,2600,2639,5239
14912,2543,2487,5030
6459,2584,2538,5122
6663,2514,2507,5021
6599,2433,2435,4868
14866,2530,2556,5086
7166,2422,2349,4771
7168,2423,2381,4804
14910,2627,2652,5279
14694,2568,2614,5182
14590,2528,2483,5011
6470,2446,2449,4895
7139,2510,2469,4979
14612,2585,2589,5174
7022,2479,2417,4896
14190,2523,2515,5038
15009,2475,2448,4923
13167,2512,2567,5079
13346,2372,2454,4826
6624,2535,2439,4974
6624,2535,2416,4951
6701,2457,2331,4788
13418,2526,2526,5052
14872,2579,2523,5102
14563,2564,2465,5029
14499,2507,2506,5013
7117,2587,2422,5009
11195,2502,2615,5117
7004,2426,2428,4854
7185,2442,2482,4924
13462,2591,2524,5115
6769,2384,2399,4783
6769,2384,2411,4795
6628,2505,2458,4963
6628,2505,2473,4978
14113,2658,2698,5356
15084,2591,2572,5163
6889,2584,2663,5247
7094,2437,2484,4921
13351,2508,2431,4939
6708,2590,2596,5186
6448,2519,2541,5060
13735,2505,2602,5107
6548,2527,2617,5144
6798,2544,2535,5079
14698,2700,2698,5398
13563,2355,2357,4712
14208,2605,2538,5143
6873,2580,2553,5133
3093,2588,2506,5094
15192,2469,2425,4894
7105,2577,2599,5176
6973,2544,2571,5115
7121,2551,2567,5118
6643,2509,2461,4970
6700,2567,2497,5064
6942,2469,2515,4984
14652,2439,2391,4830
6685,2465,2440,4905
6587,2362,2343,4705
14964,2467,2432,4899
6637,2449,2517,4966
6580,2469,2545,5014
6464,2528,2575,5103
6450,2554,2436,4990
6960,2514,2541,5055
14942,2435,2466,4901
13567,2438,2486,4924
13933,2412,2421,4833
6771,2451,2444,4895
6771,2451,2473,4924
6467,2636,2679,5315
6664,2496,2524,5020
6517,2658,2582,5240
14585,2496,2394,4890
10489,2569,2596,5165
12747,2677,2714,5391
6557,2541,2460,5001
7086,2578,2538,5116
14534,2620,2635,5255
14855,2550,2541,5091
6705,2541,2567,5108
6652,2484,2494,4978
14369,2487,2443,4930
13923,2474,2440,4914
14251,2496,2475,4971
7033,2612,2592,5204
12709,2588,2548,5136
14624,2568,2577,5145
6568,2601,2605,5206
12939,2388,2476,4864
11995,2537,2581,5118
14011,2526,2476,5002
6466,2528,2479,5007
7194,2495,2426,4921
13258,2508,2426,4934
14876,2473,2446,4919
14072,2519,2395,4914
14798,2361,2333,4694
3084,2641,2611,5252
3204,2651,2529,5180
3124,2684,2575,5259
3151,2579,2539,5118
6724,2565,2492,5057
13054,2492,2358,4850
6560,2463,2394,4857
6880,2560,2505,5065
3351,2739,2742,5481
3438,2725,2613,5338
3436,2571,2521,5092
3518,2618,2569,5187
3318,2670,2658,5328
3429,2721,2653,5374
3335,2686,2579,5265
14695,2543,2582,5125
15112,2416,2465,4881
3348,2595,2586,5181
3431,2599,2591,5190
3425,2454,2526,4980
11681,2464,2573,5037
12897,2363,2422,4785
10600,2683,2653,5336
11925,2615,2640,5255
14528,2417,2400,4817
11477,2616,2511,5127
11332,2537,2512,5049
14811,2407,2484,4891
13300,2566,2577,5143
12714,2376,2405,4781
11297,2608,2604,5212
13182,2428,2426,4854
15172,2646,2670,5316
10429,2479,2353,4832
14802,2455,2473,4928
10766,2690,2676,5366
14761,2618,2546,5164
13388,2468,2586,5054
10541,2585,2568,5153
4564,2459,2445,4904
11988,2453,2465,4918
12898,2486,2445,4931
11722,2462,2673,5135
13254,2503,2544,5047
3422,2691,2597,5288
11977,2462,2530,4992
10889,2618,2675,5293
14535,2565,2558,5123
13391,2588,2599,5187
10262,2535,2601,5136
11114,2393,2475,4868
15031,2434,2594,5028
11083,2614,2611,5225
13373,2424,2458,4882
6523,2587,2607,5194
14841,2598,2629,5227
12889,2457,2497,4954
11404,2530,2415,4945
6510,2580,2635,5215
10663,2480,2501,4981
12030,2510,2502,5012
12032,2584,2579,5163
12689,2470,2547,5017
12701,2602,2551,5153
7122,2584,2581,5165
11187,2403,2391,4794
11779,2470,2630,5100
11422,2514,2573,5087
14542,2500,2543,5043
14845,2407,2443,4850
13036,2479,2623,5102
13112,2518,2426,4944
12504,2584,2536,5120
14620,2559,2473,5032
13173,2550,2604,5154
3383,2471,2561,5032
13289,2487,2502,4989
11710,2478,2454,4932
14595,2454,2501,4955
13078,2490,2502,4992
15184,2665,2688,5353
13157,2502,2477,4979
3939,2526,2542,5068
11690,2504,2622,5126
10760,2416,2505,4921
11924,2552,2631,5183
14787,2475,2409,4884
14310,2423,2373,4796
13301,2571,2586,5157
13934,2403,2389,4792
12647,2414,2508,4922
14663,2434,2369,4803
7132,2474,2396,4870
14457,2478,2464,4942
15127,2504,2448,4952
12907,2596,2569,5165
12404,2317,2397,4714
12878,2537,2521,5058
12712,2566,2517,5083
12828,2592,2651,5243
12983,2488,2551,5039
12519,2604,2533,5137
6370,2446,2486,4932
12602,2459,2541,5000
14517,2464,2430,4894
13396,2470,2448,4918
13389,2546,2500,5046
13505,2567,2561,5128
14139,2618,2552,5170
14758,2588,2644,5232
14136,2397,2449,4846
13120,2345,2351,4696
6489,2494,2529,5023
11732,2655,2592,5247
11836,2370,2409,4779
6354,2566,2627,5193
6414,2537,2607,5144
6389,2529,2533,5062
13597,2462,2432,4894
13051,2664,2636,5300
12759,2544,2520,5064
14962,2537,2502,5039
12004,2527,2508,5035
13255,2536,2534,5070
14765,2402,2499,4901
11128,2424,2316,4740
14101,2549,2478,5027
15218,2533,2512,5045
7045,2563,2471,5034
10390,2403,2349,4752
13727,2574,2540,5114
14436,2459,2525,4984
14976,2534,2588,5122
6516,2474,2492,4966
14265,2557,2574,5131
13739,2503,2573,5076
14699,2396,2423,4819
11783,2450,2476,4926
6674,2460,2352,4812
12617,2568,2609,5177
14501,2558,2559,5117
14260,2591,2582,5173
11944,2397,2452,4849
14219,2400,2411,4811
7119,2636,2664,5300
15010,2544,2528,5072
14990,2427,2431,4858
14376,2592,2658,5250
6902,2548,2604,5152
6486,2497,2476,4973
13729,2539,2489,5028
7205,2483,2504,4987
7152,2621,2546,5167
6605,2433,2354,4787
6605,2433,2387,4820
14191,2498,2424,4922
6665,2511,2524,5035
6539,2577,2514,5091
7113,2488,2477,4965
11006,2553,2469,5022
14874,2381,2369,4750
13554,2485,2524,5009
11865,2564,2540,5104
14568,2531,2583,5114
13550,2474,2420,4894
13123,2638,2587,5225
13561,2491,2533,5024
13432,2484,2410,4894
13432,2484,2416,4900
6677,2495,2498,4993
7011,2447,2538,4985
6541,2462,2567,5029
6710,2500,2451,4951
14617,2550,2523,5073
6752,2431,2404,4835
6544,2424,2472,4896
7158,2569,2584,5153
14586,2621,2583,5204
14131,2429,2422,4851
6546,2425,2417,4842
14650,2546,2483,5029
6917,2521,2519,5040
6434,2502,2532,5034
14561,2456,2454,4910
6472,2689,2698,5387
13593,2570,2532,5102
10823,2467,2487,4954
6980,2573,2602,5175
6976,2488,2471,4959
7008,2498,2510,5008
14262,2477,2586,5063
14253,2442,2396,4838
12510,2525,2584,5109
14818,2434,2450,4884
6492,2562,2499,5061
6471,2412,2557,4969
6956,2446,2521,4967
14546,2598,2574,5172
14903,2488,2427,4915
6896,2516,2483,4999
14654,2530,2581,5111
6625,2552,2592,5144
6625,2552,2623,5175
3538,2594,2533,5127
7032,2471,2518,4989
6440,2605,2614,5219
13450,2321,2438,4759
6821,2414,2438,4852
6834,2437,2468,4905
14785,2465,2505,4970
6979,2531,2540,5071
6974,2455,2321,4776
6974,2455,2360,4815
14408,2618,2576,5194
6475,2693,2701,5394
6839,2392,2450,4842
6893,2467,2543,5010
15060,2451,2366,4817
6847,2593,2542,5135
6947,2463,2538,5001
7115,2529,2468,4997
7176,2506,2526,5032
14651,2540,2481,5021
14183,2519,2572,5091
6533,2346,2361,4707
6615,2397,2455,4852
6738,2599,2506,5105
14413,2600,2631,5231
6528,2574,2614,5188
7073,2556,2494,5050
10529,2652,2641,5293
7126,2689,2639,5328
6752,2431,2384,4815
6756,2509,2438,4947
6590,2461,2437,4898
11930,2354,2332,4686
6813,2495,2468,4963
6740,2501,2378,4879
6751,2603,2623,5226
